Error_cv_lmm,Error_cv_lmm_c,Error_cv_lmm_c_r,Error_cv_lmm_c_s,Error_te_lmm
0.6554035209454458,0.6781861427293026,1.0818036573683292,0.6259607690945621,0.600803481449392
0.6399560755381282,0.6620648567036069,1.0279375476680455,0.6314169354166246,0.5587910515947102
0.6238631746538763,0.6583258507736169,1.0249747710332417,0.5911070733763681,0.6712278978421928
0.6369682739865543,0.6537837378102584,1.1357857612106907,0.6132820469676226,0.7223490869495692
0.6399080394755653,0.665454632496086,0.9655045107013999,0.6208696786508702,0.6445364472580334
0.6288278461615004,0.6449890746013933,0.9374026004926803,0.626838677413823,0.6197070468612567
0.6737555009272065,0.6823749709232574,0.9411300375070557,0.6563970779416666,0.5754256684645993
0.6419150018592875,0.657799037335766,0.8299159515573699,0.6393778456206857,0.6428772167129663
0.6455633141453189,0.6686140367908245,0.969036797151838,0.6258062331690978,0.5976140821618949
0.6608200378059104,0.6835985597466736,1.0585733380623006,0.6529405443925465,0.5568720220441424
0.6308380300035437,0.6627693239503811,0.9867395494400726,0.6197315356206963,0.6518271587185174
0.6535965986050652,0.6778339860834021,1.0985919588508226,0.6274962294418146,0.6577527105453126
0.6114439779972141,0.6211143551471616,0.8658628104445532,0.601828239923264,0.6780726253754551
0.6216435436528205,0.6377488594129195,1.0325365307055623,0.6054008875566439,0.6738099386313042
0.6320838773310159,0.6527644858845026,1.0535602072903756,0.6066569659644577,0.7066318495659268
0.6223789044926764,0.644955179257658,0.929015412357155,0.6048058625396497,0.6374312219690007
0.611784779599985,0.6273176272284692,0.8584746416989134,0.610591642467241,0.5624754547782843
0.6169538850086485,0.6376386368748139,0.8932651814800125,0.6073719622405627,0.6171690172144979
0.6033419973339692,0.6191549541096065,0.8658740501598498,0.5972667452155681,0.5694946896187688
0.6466936227757314,0.6579927037133757,1.036569282768239,0.6360664001140099,0.635197401203342
0.65401197225098,0.6690797187063245,0.9804058891754456,0.6349190685683882,0.5453153731414861
0.5932227942047203,0.6111180095552016,0.9855508209139383,0.5761163979576878,0.6126019199970545
0.6244895537158103,0.6350379729660199,0.9046171625306806,0.6079079408282256,0.6442224363535501
0.629161305977591,0.6600809136786442,0.9604452018865052,0.6042531754545549,0.6567101249584394
0.6339916134303702,0.6475757641770856,0.9376157188325036,0.6136730455154298,0.5985384903430029
0.604632953507168,0.6084071177007102,0.898366204334101,0.5934629448119071,0.629843390100999
0.6384847016544644,0.6440886375156918,1.0041120692870702,0.6235442406461829,0.6366259305188898
0.6317190488343047,0.6560619924787412,0.9271517091962489,0.6180185853870641,0.6018578758756884
0.6534908278846641,0.6664886508110497,1.0768401504650087,0.6217565026934824,0.6494485540498144
0.6100436474191813,0.6412308289930537,0.9717151017162924,0.5761356296733189,0.5799694145368428
0.6604850612564268,0.6894566104135975,1.069649314214353,0.6280093162872136,0.6307319912870071
0.6414849524800508,0.6646679679923906,1.0562645233747692,0.6205847527237627,0.6159566851681566
0.6015498723067703,0.6033520702327644,0.8635080309490184,0.5837034120029161,0.5798500414723662
0.640189199447646,0.6590543359304154,1.032643229605827,0.617120619575014,0.628451362244081
0.622901065965085,0.6480161535632606,0.9523611263701613,0.6043902811912326,0.6105430330101191
0.6509931769828217,0.671146796367182,1.0131518949428724,0.6336271589447697,0.6281805415155943
0.6193083529312223,0.6392139100646913,0.8832121621655663,0.6144437939835347,0.6241107323887067
0.619268089205545,0.6533577378824792,1.1119115322114004,0.5971168829682559,0.6856911181165768
0.6673995627272347,0.7197533043534441,1.2113117641803384,0.6579135181955684,0.682519280621229
0.6467708770911991,0.6577295223889494,1.0747426281182106,0.6282082218052125,0.6328224284200723
0.6214379040401468,0.6346558420616633,0.8655873815532842,0.6060849378053035,0.6324546177497
0.6286850545849308,0.6538562888296907,0.9886447083114464,0.6068173476741326,0.6285250787826341
0.6430158267586655,0.6580669347824982,1.0250711507485928,0.619992929511162,0.5962616039161318
0.6695322415972902,0.7009521363816005,1.1156890135723356,0.6428388166036869,0.673142082331681
0.6418671516104686,0.6581638325127979,0.9871545645293758,0.620329775065966,0.596491514192712
0.612482568065762,0.6242100788880498,0.945011985578371,0.5876357728583821,0.6447405461536057
0.6485056035277135,0.6608930602844061,0.9475730933016691,0.6355404528078914,0.6537050046751097
0.6874278244574998,0.7072291342033277,1.1823252327316822,0.6644887544133613,0.627131811864383
0.6271665756648037,0.6578174969667492,1.0077902244064816,0.6053676708298465,0.6296295764946791
0.6534627664118584,0.68324940400343,1.0707783438794636,0.6300599693310145,0.670101754228616
0.649788304016869,0.6784915544587649,1.0522330098826718,0.633007532824081,0.6275952770127237
0.6332263019505299,0.6376883889145203,0.9185309842493269,0.6226868001044071,0.5904055527233995
0.6131590401714839,0.63559705394364,0.9770929306172049,0.5953517015658427,0.6383313988122856
0.6708308457614217,0.6984308471373651,1.0525558616623285,0.659067984639582,0.7013310305857688
0.6435124601127737,0.6658785393336146,0.9762190023469373,0.636479462889324,0.6439259602457743
0.6100791743522689,0.6307293424952531,0.901107353080576,0.595700803490369,0.6604332289810049
0.637550095335025,0.650142490013885,0.8853863233645438,0.6310908302271516,0.6043994119811595
0.6505358679020884,0.6944056020341342,1.0731758478732738,0.6311438326481146,0.6185758321513951
0.6035086580353433,0.6147820530140695,0.9435164172071293,0.5795105581238902,0.6442896811990435
0.6062357670798914,0.6129727891182343,0.8701215151989429,0.6015125970568979,0.5814937014421282
0.6254708730387969,0.6689151524606399,1.1145652372502823,0.5888116458700173,0.6624631992891764
0.6566284346021005,0.6655336531221709,1.0121392482188543,0.6368489360529801,0.651587999387341
0.6686406361106846,0.6991390321815146,1.212827672477737,0.6081206417010848,0.702934249542366
0.6569243428958594,0.6633922887287574,0.977495186635173,0.6404381824737101,0.664879569615262
0.6711483771909684,0.6737776230206439,1.134989133226226,0.639713046563844,0.6377816428535363
0.6441111763757297,0.6613413998840003,1.013099825033275,0.6284029537065341,0.5734446783315001
0.6387129726379936,0.6630371149879903,1.0188947831045674,0.6266486113669076,0.618152238206462
0.6234704302116371,0.6455479905710685,0.9234465782423701,0.6051871922129984,0.6061836898878462
0.6721200414252408,0.6856158973584774,1.073387225861546,0.6514525724354139,0.6348500949112723
0.6147162757431649,0.6331110304563136,0.8903384823704928,0.5964416573955361,0.6179755430144188
0.6235694751446311,0.6319090858464097,0.9123611240898043,0.6082765221297067,0.5937113745010909
0.6680416924122843,0.689776327396032,1.0895420183646618,0.633908146551583,0.6459909182517828
0.6500460439883453,0.666141269653586,1.0495727983782224,0.6151669619770714,0.6665681610269679
0.6627919876089711,0.692607738297531,1.158507518380873,0.6246096715028632,0.6761136879510296
0.6412077332114976,0.6688706781203864,1.2040099743403567,0.586606375371695,0.6418327497277578
0.6168141378990624,0.6257389258318868,0.8870717844276601,0.608991159818814,0.6264050406902876
0.5979782114457441,0.6137610210475659,0.9734356475312611,0.5797540357846429,0.6004400777099637
0.6481126449318884,0.6684076171043569,0.9577526461962742,0.6256402385136404,0.6161366790607945
0.6644689188746048,0.6908387505093768,1.0777406536533176,0.6475977236047245,0.6840405880132656
0.5903606113860113,0.5908741255861552,0.7607127645617499,0.5804131674135747,0.6293421574470385
0.6311036942850559,0.6698989365856567,1.1181284714340023,0.6062182761564616,0.6426026987196596
0.6068016631111178,0.6511862609294353,1.0051555762046096,0.5772370622199586,0.6623681788552344
0.6073096689080242,0.6203764350635095,0.8882048640038949,0.5915813013670241,0.6021676853137695
0.6200244664131609,0.625138582687323,0.8832252645588781,0.6074573647335895,0.6495582750725943
0.6138026179541972,0.6252966797713896,0.9606188522254079,0.6005338202877913,0.6293765726349544
0.5929110597266248,0.6000439252788571,0.8073036008254421,0.5877825912794384,0.5594930185964372
0.6772229578735378,0.7161823459957946,1.1443216756644614,0.6600630481820686,0.6361770895178059
0.6406823897577056,0.6603049768884333,1.0552879942671538,0.626597925596799,0.6393517737763145
0.6390543637695789,0.6446842810536861,1.0618367515890113,0.6236330345286503,0.6427707135439574
0.6383382109844494,0.6410003676785542,1.0665900075736126,0.6079617206704561,0.6360525761501596
0.6448115249430171,0.6654156688389037,0.9743240213735727,0.6417695865677571,0.640264037796944
0.653678996818236,0.6705038531958402,1.104905592051677,0.6301736459968689,0.6508970817873921
0.6271309939134636,0.6649345030313153,1.010834376582444,0.5947690534674982,0.6107508591040252
0.6293884463281201,0.6569292352043015,1.0118909689265194,0.6012170301994877,0.7102806335120484
0.6304714205121681,0.6482374394282185,1.0014726673175653,0.6075352643181041,0.6787712446605636
0.6701683921188393,0.6855474746124195,1.2572549949754255,0.6537122077579289,0.6502246475942507
0.6041963108942595,0.6271360605897257,0.9821063768116357,0.5692231464063221,0.6078458472158217
0.6369186000237405,0.6570537231679957,0.9874642784268629,0.6033456775995564,0.6361394090946142
0.662353061334588,0.6761987650551018,1.040238272131504,0.6430610418537976,0.6185224481566317
0.6419882365790449,0.6773934198445032,1.0792028379752447,0.6117039703071928,0.6452504341442389
0.6166504594658265,0.625195251045236,0.8271019485322757,0.6172634655503096,0.6247199284739566
0.6674082559529763,0.683481295840651,1.0102524778935629,0.6404332507387057,0.638917378014839
0.6354415319486094,0.6502786733510798,0.9567022113939897,0.6200151716995933,0.601001699866261
0.639880542633831,0.6520610202087149,1.0597072079701837,0.6101266683936384,0.6822796334646802
0.6287549308624034,0.659864228749091,1.0979443673183584,0.600407968428252,0.6000635327099633
0.6356122011737858,0.651341024971199,1.1274666222820962,0.6099959112264056,0.5996869898221192
0.6466607162011018,0.6938952618281653,1.1518502918633966,0.6241482591421188,0.5743137210316396
0.6271834816064047,0.6474694567221123,1.0219589880750055,0.6013588526570711,0.6270459587223928
0.641730300682827,0.6562959174326488,0.9559247726774351,0.6176786011751967,0.625249171258027
0.6343328323412845,0.6612008904946305,1.0213204062298926,0.6072863925646139,0.5685571872650295
0.6324293017123273,0.6556378702761441,0.981732981821327,0.6197904269571302,0.6477175975759146
0.6019302292938632,0.6196928162375194,0.9694511889814422,0.5828052759226806,0.6555948593508166
0.6126751469377377,0.6246918602407315,0.9026206144939458,0.5996618899577669,0.5994272212157059
0.6460235083979786,0.6573710537397699,0.9721181116228723,0.630126221950374,0.5897742746160287
0.6334621294234205,0.6523595979078102,0.9256179259303471,0.6094051028918762,0.5942230488085373
0.6162972204709782,0.6196341943464598,1.1272835204456872,0.583274678392391,0.6647438405154206
0.6342764035596853,0.6738390746656575,1.0778216882322285,0.6098216812428949,0.5752850877820491
0.6315772559132479,0.657579880175457,1.1158062329494176,0.611504476904399,0.5956785975428899
0.6957884812650591,0.7116506235376784,1.1624028907421708,0.6487069680453622,0.6256509188514228
0.6510125381948849,0.6704123459203647,1.0149742943832303,0.628108466301888,0.6136636889916437
0.6399100302119144,0.6484201346037209,1.0927033344157713,0.6214479741975328,0.6102507116488098
0.6286636775834148,0.6362010774350527,0.9539755305391849,0.610217285833185,0.6284963647421039
0.6374495640448636,0.6678734354572076,1.0602847271790397,0.6054481985536386,0.6692302141640295
0.6442774880683247,0.670040744524013,1.0180014512705111,0.6190305159629196,0.6202499414681615
0.6306938255756047,0.6435650359613196,0.9338439797042886,0.6092940575142203,0.6415056959356831
0.6232715356045175,0.6480383210268128,1.1080869691043809,0.5870550663717267,0.5594011596461652
0.5997778025533175,0.6145817246364745,0.8820944533946716,0.5857651105604827,0.61016300059455
0.604425625667152,0.6004938408489725,0.9680888661710815,0.5895453096719719,0.6412931290822226
0.6196862114166345,0.6433234499728234,1.0296316360091673,0.5905938844836286,0.6824579397128454
0.6964416180561794,0.7338202322901479,1.1329660569619768,0.7025075451646108,0.6660525278411883
0.6347951928922165,0.665923656744413,1.0953587759033279,0.6035660386430842,0.6072401520931565
0.6176432784419452,0.6281052880270654,0.9961469379767001,0.5941490063939923,0.6165349780122551
0.6897413682503797,0.7228966543897024,1.093450225793167,0.6590264045264886,0.6471784966827256
0.6189209007058833,0.6342779959344342,0.9196514571137839,0.6078388878520029,0.6183161436942242
0.608587010503701,0.628735187332325,0.9817042768911712,0.5900837181132275,0.6862985559939546
0.5928173026987179,0.6134377624382338,0.8158526696086029,0.579036930038857,0.6254843709251012
0.6425265476308323,0.6596108271432087,0.9437850824682549,0.6210327967578114,0.5987780868993707
0.6380633442149886,0.633654049767409,0.9630118219343871,0.62158974913587,0.6437724553109412
0.6716838014470441,0.6864653157537304,1.1086680605594115,0.6499257438973154,0.6155221083758368
0.6041831422054216,0.6142813310764312,0.934400235921651,0.5864216786039806,0.6474304721397622
0.636795104017849,0.6568926577948824,1.0495705180685737,0.6139851378886811,0.6452455940712483
0.6446354100850766,0.6840193247500799,1.0504920427221829,0.6319408777543845,0.6230620860567919
0.6398657782226985,0.6541896184268722,0.9236952000917519,0.6206832232760594,0.660051895702311
0.6406005895483886,0.6689236830442666,0.9700018612323207,0.6178806656043154,0.6104477599520534
0.6238513644096443,0.6318321607557701,0.8725495098127846,0.618816204705379,0.5860788804565253
0.6267458337823466,0.6483539536537817,1.054655406953364,0.6004585001283724,0.6292463759014207
0.6588005991782933,0.6749369595975365,1.0541304771714577,0.6453979726481742,0.6117508344384938
0.5967165568543847,0.6167719565465518,0.857869523213019,0.5792928100247469,0.5823631552779425
0.6390670124590351,0.6603107827062461,1.1035234979307362,0.6132793332877006,0.65404397118682
0.6417526015123101,0.6898991559617045,1.1355427251664207,0.6080249018838337,0.6432688181013876
0.6477282136558032,0.6466770972263155,1.069713740925999,0.6238786109964042,0.6013579808770122
0.6583793357562945,0.6700816625979592,0.991299739000535,0.6428296933128516,0.6374822503369182
0.6409849285238877,0.6866674509172711,1.105105600879786,0.6265277744298589,0.6637138501505248
0.6199962720772912,0.6328693099482242,1.1014342770006493,0.5901792310299289,0.6265825919598298
0.6361583701552121,0.6725945963436385,1.10460820781568,0.6112843516299956,0.6096420385032622
0.6503783424513288,0.6614050481895128,1.067500549320482,0.6266780610019678,0.612229029764051
0.6224798499549195,0.6417538112423554,0.9012620116051616,0.6065175330822304,0.6771684971942833
0.6341869963533178,0.6647020439871332,0.9810879699437964,0.608680254356244,0.6741680626234697
0.5998218011658649,0.6134123929183344,0.9118576438789205,0.5853231061522886,0.6337242000331745
0.6488562325980192,0.6648991680168785,1.099009523091216,0.6305718404793976,0.6882122378789651
0.6155202456345444,0.6399458976406037,1.0014408990701154,0.584831958751535,0.6221768406208174
0.681661886319118,0.7022820093686837,1.2085419993402298,0.6474956979491744,0.6843226118926597
0.6371172927112425,0.6709800222789013,1.133865672272752,0.6141854089653667,0.6842454269409329
0.670035220135782,0.685081251280828,1.0439384226356079,0.6613393895348008,0.5857526419873462
0.5883974353201238,0.5973490925195197,0.8862304257283868,0.5901650591530814,0.6713107597144933
0.6646018718007249,0.6781232335516758,1.0513182187608903,0.6556656225327246,0.6553433320633877
0.6212760977316324,0.638429330993118,0.8223684969294986,0.6104601064014211,0.58767448832013
0.6365096900348967,0.6601629884950616,1.1417461218738683,0.6075064237937476,0.6968607636463735
0.6090072654097106,0.6200942332820415,1.0356693975406612,0.5939587005224206,0.6491897576713465
0.6279534156666184,0.6377831268193319,1.1266983954165661,0.5996207198696444,0.6207252264630453
0.6600358837296607,0.7004844834793045,1.1641790525777296,0.620707661247681,0.6240137813585289
0.6376997836456896,0.659660840745265,0.9497865831515712,0.6238214207266747,0.6372500855175071
0.665792615382525,0.6786650912710116,1.059729289818781,0.6368020706289038,0.6382746140828943
0.6578378662425423,0.6778975516828724,1.1555937948297612,0.6226962278759521,0.6097227079382833
0.6317441026612474,0.6443643364364315,0.9984084313622847,0.6117590696185262,0.6528892258571337
0.6292795117718499,0.666489331269341,1.1454744643824737,0.6054607602857749,0.5919759424087307
0.6099061195249138,0.6286947673968719,1.0065905552331529,0.5912818938443627,0.6530505428427004
0.6062120434400543,0.6318729725746007,1.057922506125903,0.5878095239951867,0.6498370175071384
0.6082923374632461,0.6162483891755726,0.884408899623067,0.5910992357397815,0.6702658351134522
0.678397268927104,0.6889149316723663,1.1252474864755544,0.6666726096358614,0.5953205053826246
0.6192314895531154,0.6293238869376364,0.993715537837487,0.6028564828967727,0.6048770521435024
0.656286051833844,0.6759497063279367,1.0225344346938183,0.6334545757723005,0.6525220877667943
0.6487420190224039,0.6737182301972505,1.134166187398232,0.6174797714949473,0.6484960634031696
0.6724380519076846,0.6979011242910068,1.168991601150629,0.6435043339677967,0.6718878674371626
0.6694803630131329,0.7082818463528667,1.1390170657016658,0.6476276389741934,0.6045197024603823
0.6161453282738815,0.6266911065463195,0.9503002241616377,0.6139666423414895,0.5959007959039836
0.5949706766470396,0.6025579846475189,0.7718547872391721,0.580884362145634,0.5828822182656996
0.6206210739119572,0.6414900505045885,0.9297013809513369,0.5927813414974746,0.6050106081611176
0.6355626485144565,0.6683666927783607,1.0992426469665624,0.610135736750653,0.5808561038190194
0.6885590487615453,0.7136854952580457,1.1115320818295555,0.6782353683319716,0.5898635543354985
0.6133920012784296,0.6255493161268816,0.9387800531713232,0.5941025167157256,0.6747016791001751
0.6469529882377795,0.6796393704451577,1.0517922763221432,0.6395253001672462,0.6666841030780878
0.6275064928020955,0.6456483089822169,0.9777486171051288,0.6087854107477408,0.6620543532097753
0.6537464435354509,0.6622598067879045,1.0544387086198581,0.6241154358291542,0.6343937349324776
0.5787247499379874,0.5958022515328355,0.8774948552903749,0.5676807692424092,0.5623628541435731
0.6538311509754959,0.6728787191448182,1.0549516469672333,0.6290576597209183,0.5915001275404212
0.6283737644399936,0.660708805457993,0.9910438349424171,0.6044161295756598,0.6298654536512137
0.6272908397884432,0.6502478697783572,1.029059108604777,0.5924944660475698,0.6763938706479046
0.6435854022122155,0.6665512871010174,1.0730035847231507,0.6174297284790612,0.687540370025458
0.6396964744695761,0.6608393285903624,1.0746382986969574,0.6214221487170624,0.6209760879346715
0.5971392988671692,0.6100887381100967,0.839456466962958,0.5931869700299336,0.5868058932812655
0.6287437373814228,0.6494131432258051,1.0028184993981721,0.6151121190629515,0.6125281133811376
0.6511505071217003,0.6953166805741622,1.075405522937569,0.6264007962718712,0.5990327635024916
0.5947100604105913,0.6051984154854175,0.8255484737115244,0.5830105694801642,0.6539004660439129
0.6442773603533144,0.6722277346867033,1.039462598840073,0.6142070143449806,0.6577271870915876
0.6506059843079293,0.6561740787327539,0.9620533989177158,0.633653593611351,0.5753300379607399
0.6409392990213687,0.6737307655704889,1.0761354510752585,0.628978024595036,0.6173368437412174
0.6363922007875591,0.6393216945899474,1.0526976746623624,0.6212439997152852,0.7061623055489443
0.6659162925583862,0.6823700545611208,1.1390182192566614,0.634598231321487,0.6719612747101509
0.6570470407285522,0.6906842668831621,1.1103131568313247,0.6221982167908149,0.6430783804096577
0.645888243485143,0.646069774237187,1.0634961904169935,0.6329354320348477,0.6237771302970337
0.6125690143808245,0.626231669710642,0.961211909698857,0.5997859565901373,0.6290244342051243
0.6323286287976891,0.6523765297565577,0.9283811656289945,0.6105800434313499,0.6219243312825125
0.6588838824368977,0.6905677868902451,1.1113770183215053,0.6339979925710506,0.5954407263836824
0.6288053683871332,0.6531653014032593,1.075826979392147,0.594054199997959,0.6899722294781762
0.6518611128315123,0.6692037545741075,1.161745725948851,0.6259411249776273,0.5893927528051249
0.6462616019015155,0.6654737106050466,1.0590806158336628,0.6230752204101646,0.6803133124815625
0.6176463921229168,0.6347038601047087,0.9544252685053475,0.5974752157886819,0.6081560232916946
0.6497927945291805,0.6879893628358845,1.1413731009232402,0.6223300120574448,0.6157048909568643
0.6253319779031226,0.636168593264359,0.9903805005573991,0.6060027476170808,0.6048297571245418
0.6327174072136889,0.6527767579097147,1.076186807347626,0.619403655023094,0.6317159206580288
0.623462279659894,0.6338701875882456,0.9268330436451054,0.5987195344277764,0.6297663949222149
0.614319623932981,0.6386426437787226,0.9493477570703742,0.5973052385321481,0.617531850239775
0.6480018051273836,0.6664124411847027,1.0428859025445538,0.6249221566384121,0.6177752403540584
0.5735670526587838,0.5890982476469978,0.8342453523228778,0.5584567085125777,0.6029557082241649
0.6257073675956808,0.6490195428775931,0.9281768645444901,0.6069883160471441,0.6557435564961571
0.6745705781728297,0.6933125340720756,1.0823915153164505,0.6534195056261143,0.6317095429992291
0.5979146923985095,0.636348864634968,1.0678590500176366,0.5631380527844172,0.6813055691199883
0.6390630694071324,0.6648757123126223,1.069554163447447,0.6093055753147929,0.5785394697670393
0.6438790258373651,0.6697488704243616,1.0639721197750283,0.6290695113766621,0.6494613707262346
0.6757542726588285,0.6857241738118259,1.1783473372591997,0.6495839775735802,0.639923929718865
0.6268744061480829,0.6604312372070222,1.066930923836414,0.5971778913095209,0.6294137177393185
0.6830826464840246,0.6846489277101951,1.0031470046961544,0.6736929483384663,0.6168612275512773
0.6330868478780975,0.6517709059166821,1.0311193337622064,0.6101167928616791,0.603304536256737
0.6314783168068904,0.6560163715260531,0.9954396357977243,0.6009712045186272,0.5943308253867414
0.6252062934446606,0.6470239577847999,1.1373028635570193,0.590538552353488,0.6342585643023375
0.6336423705776775,0.6580095972341651,1.048363754921647,0.6128699246937099,0.6176406424197101
0.6551428761835089,0.6718302014383005,1.0207680065696687,0.6402554850497911,0.5750630921760078
0.615029887105028,0.6125212563279582,0.8697814176184412,0.6037169502260601,0.6629896223817303
0.6545594280704151,0.6819032946934446,1.0472220072839487,0.6462036106786614,0.6397427539943015
0.6518888117102599,0.6602902447318257,1.0297340502064851,0.6425790195273193,0.7488108092261202
0.5687865007639025,0.5837846333036961,0.8938126466957644,0.5563222871361225,0.5863285504573863
0.6023715493368571,0.6149180456940877,0.87044233182064,0.6046403731813212,0.5897267029007923
0.6418334555076952,0.6423978298710427,0.9821093606445401,0.6213008752404905,0.6433746204060363
0.6412212265654006,0.6559520126029007,0.9971407161676172,0.6312165011430336,0.5996062597602143
0.6597535190918908,0.6947721568070977,1.1539349037463393,0.618874649154608,0.6214956408678384
0.63045049859915,0.6455489591882969,0.9574826316930339,0.6116191619786441,0.6193737758392375
0.6190499347703428,0.6277272268472406,1.0398937942807303,0.6009346932131824,0.5961181251422848
0.5822581711325445,0.593822025635399,0.8316473160267881,0.566542616969195,0.6989154892560683
0.6334857590101933,0.6423091051544526,0.9597147620257745,0.620959600310412,0.5008556979050415
0.6271566136006997,0.6562395711857961,1.0512761707203135,0.5959402346652739,0.6676391831730116
0.6106244010648345,0.631124187357091,0.921067888964247,0.5934128540404946,0.679162929256994
0.6473658074848321,0.6619473615678912,1.1241827100686113,0.6379674980486323,0.6371819361746593
0.6555799743336199,0.6657172511123961,1.0019540168961587,0.6392097155746312,0.6191290459350715
0.6644725599705269,0.669348827286275,0.9681872869589573,0.637138946468668,0.5824711373912912
0.6238504134661288,0.638269204002237,0.9485270542495624,0.6065597787308549,0.6368523259667855
0.6226057696135923,0.6451240942216276,1.0225477188130583,0.6054541841381804,0.6563240994146848
0.6080347143451729,0.6114057654934207,0.8757574812601275,0.5906212825532057,0.6198723733963382
0.6638876630471356,0.6778102900408108,1.0418383218070422,0.6351537977632996,0.6543468882973932
0.6192057185663093,0.6325455042894206,0.9882212700697066,0.6014786551177778,0.5786031771134668
0.6505926899051556,0.6944664593181437,1.1233087405824795,0.6367499320201987,0.6925243038947666
0.5842351442849952,0.6075883182822336,0.9169595773521956,0.5692561419427299,0.6073831736569363
0.663443894707854,0.6663519235723459,1.0270606566789058,0.6546986229589593,0.6207643986711684
0.6412487846886289,0.6562537875922035,1.0610600190346533,0.6234869841752687,0.6055626416028091
0.6018301260307535,0.6271051969102603,1.0453135020767625,0.5722839906518464,0.5974215881066842
0.6119334929810113,0.6205560443014556,0.9847058232919336,0.5902560719570659,0.5951237090843187
0.6535135951967908,0.6786880425809971,1.0302675724508277,0.6352446544777064,0.6633658008139253
0.6874228398021527,0.7024070257585129,1.0919396101945855,0.6749003013871195,0.6643153784319359
0.6068256317850074,0.6413011475799271,1.0179994085682602,0.5806907962700765,0.7039776909664884
0.6637226047913027,0.6894158763512857,1.0861838593084667,0.624570204766199,0.5923258575186653
0.5987748613064684,0.6133154452755877,0.8393077272712871,0.582076437163877,0.6220123367412508
0.634975019060167,0.6376749848878752,0.8479450534027154,0.6255803656290276,0.5587902778237152
0.6379594635975216,0.6498468333045426,0.8812667269095329,0.6333712236148135,0.6925995204826039
0.5948716462491858,0.6116097734025564,1.0049404291075072,0.567875268320719,0.5701216704640223
0.6623216756079255,0.6950119810314273,1.1465734195872064,0.637549396535114,0.6633819211479964
0.6375574335377977,0.6706855032498024,1.153293418263997,0.6238670116513364,0.6540387962390348
0.6337672862927404,0.6555977561815423,0.9320190060007516,0.6185508275367579,0.5796986875753259
0.6437891164056923,0.6830610275249832,1.0846887693402856,0.6211638406114354,0.6516060889575562
0.6412482428266308,0.6703071451519347,1.1362760848411888,0.5979613448459498,0.6497385510918826
0.6084729409730711,0.6222254072100404,1.037194196237692,0.5836951171571225,0.6327419579764784
0.6187841552192388,0.6412452955071373,1.148830436595943,0.5928724502940221,0.6383904226432311
0.6164350496594564,0.6441655138049684,0.940734704124595,0.6000121629929234,0.5973983286108762
0.6418259016940351,0.664999301919031,0.9790140184395928,0.629124615457296,0.5585914117900646
0.5809745824207709,0.5966056845044699,0.7875775026848291,0.5663517728107913,0.5910546501674115
0.653660667808602,0.6670812284923965,1.129527664193699,0.6307500889268728,0.6165917706315569
0.6451889599188327,0.6648305995946426,0.9157128527925131,0.6313101009348452,0.5650195801968003
0.6266682299568084,0.640539273358106,1.0545365868290975,0.616633017544559,0.6974324112910987
0.6605669578180714,0.6893845475621801,1.0294131361934182,0.6313296225693749,0.6755290204695845
0.6637112418584629,0.6757825575443032,1.0213574141312862,0.6525799027123621,0.5939100863308218
0.6488375460233714,0.6568210246609777,1.0333162733811152,0.6246612526790029,0.5864352955795907
0.6305416009969608,0.6561264813051898,0.974707246153771,0.614413857043013,0.6503338348525379
0.6463896645926769,0.6512850664876629,1.0358715751222065,0.6198181630246106,0.5971045813390848
0.6201349138137375,0.6355694963437926,0.8920786907860938,0.6017846207842616,0.6614453359789471
0.6516027286948596,0.6723860460537483,1.0246072451775574,0.6277418963228611,0.626519577669151
0.619075502659125,0.638758086766531,0.9806944813872791,0.6116172796401047,0.5915472447014564
0.6055668910149085,0.6255807647715018,0.8740215459001132,0.5841881573603572,0.5842363017344038
0.6363089053330531,0.6561658795615055,0.8770561465592863,0.6224816552379997,0.6196421073953216
0.5989284612386087,0.621695026671362,0.9762267750397781,0.5789308357307866,0.6416931908754542
0.6070857488414393,0.6317311997817258,0.987472269951939,0.5957640408644226,0.6502254908458571
0.6113836702683539,0.627091498218658,0.9116477604671125,0.5954960794650594,0.5869785074899632
0.6641991399034223,0.6937657622052963,1.1773119069289706,0.6308825420082355,0.6657524065943865
0.5960096650335862,0.6061590831740808,0.9198239179142507,0.5741099829980776,0.6384273487746671
0.6229584393063744,0.6427573175651399,0.9521905241571792,0.6236847114318315,0.6881389455101482
0.6258611557130211,0.6483022235101552,0.9493951881469813,0.625064399386466,0.6218311027371358
0.6291705968661819,0.6451985942676023,1.0564026760489718,0.5995454773456123,0.663616115847176
0.6465197999780311,0.6685667245519215,0.9993747024439849,0.6421573590815167,0.6747426593079713
0.6747496046555332,0.6999809000516943,1.0321573900902983,0.6521064345355729,0.6689044329672507
0.6744440697030405,0.7062938118979032,1.0984706306014131,0.6634125512931415,0.7229126115451353
0.6494845910672513,0.6590432409256057,0.9302182877399294,0.6408586207364735,0.6246246384443768
0.611269987358882,0.6300788796887826,0.9433513806120362,0.5973735836413308,0.6037383059663602
0.6098646626930252,0.6263934704587263,0.9207097316974105,0.5908404088275324,0.5988921508767837
0.6178239857848772,0.6369412467229,1.0160381795849065,0.5993516465235452,0.6522925814974245
0.6839000565684414,0.7081532536808028,1.038190254476883,0.6690675871624405,0.623935779934891
0.6390405955954007,0.6553229383157725,0.9695591974696155,0.6118731265014811,0.6498567843946275
0.6628931154244978,0.6817451261213566,1.128390951219322,0.6331446742320005,0.6708200624335121
0.6644631707848587,0.6647601260820071,0.9776775644394977,0.6581555277123097,0.5937444982925612
0.6496812730867768,0.6924193426142756,1.0856523907771063,0.6271688156493725,0.6149261742183
0.6313041075695215,0.6673687902116617,1.0965775593542837,0.6094375280212608,0.6694137638781295
0.6520567530258217,0.7061669574622425,1.1617069230656103,0.6267541987581229,0.6264032801025623
0.6441174847907022,0.6518886653955674,1.0427974518452134,0.6224272306635975,0.6117202653147549
0.6263083434495524,0.6486746281106404,1.0352569780583505,0.5984207380666027,0.6146136671062324
0.6380930036643917,0.6613601914971816,1.099695828046433,0.6180886282965832,0.6230355525860353
0.6224921241404243,0.6496840218258585,0.9209557356479993,0.6191176824941645,0.5827194792277057
0.6394155944619556,0.674125035522889,1.019215234890591,0.6159571681268193,0.598707133466343
0.6393897034296128,0.6400980266826404,0.9753499170646889,0.6219629502868742,0.5868376214071702
0.616108393036802,0.6404671300302539,0.9794105888605765,0.5995378978009082,0.6384204947173705
0.5960014081428556,0.6110668441283259,0.904866795061,0.5859858275323554,0.6641938544885132
0.6478852690325785,0.674820895974336,1.0165700172954217,0.6266491428134233,0.6424613603422136
0.6060096102106471,0.6234248157042348,0.9094738761820569,0.6016382870515313,0.5880919619054764
0.6623579935685113,0.6711642830622611,0.9719144685795613,0.6467768521435493,0.5664679095107735
0.6457239704008925,0.6706398510934325,0.96347256001996,0.6332234948181764,0.693248999862126
0.6761285382238716,0.7005310902526204,1.1206877057044156,0.6484117154774546,0.5846671233580626
0.6093767140480998,0.6300629199020206,0.9560611037668897,0.6018631118554344,0.6173358797832508
0.6199457880870899,0.6672938848534483,1.1190874096359544,0.5925993999822469,0.635271125143045
0.6565493992123999,0.6747006532104842,1.0749010242377735,0.6212291218605286,0.6209335427229433
0.6575807237989394,0.683180972713105,1.1007848391843793,0.6372828083181964,0.7019250006518719
0.6789061826702752,0.7098209874887619,1.1468659450874026,0.6564481503578582,0.5922341669122769
0.6907170484212204,0.7060960340813531,1.0541205252579593,0.6760280667775318,0.6020759651094603
0.6213282652545749,0.6389879909777401,0.8432511295932357,0.6094209609803916,0.5965893209424028
0.6638529535439772,0.6780369677469948,0.9889884814178747,0.6432088785389356,0.5862799429931342
0.631644111998641,0.6460478879542563,0.9379344695988837,0.614062070611859,0.5659562381109383
0.6481312150848118,0.6595291718100718,1.004829632887138,0.6325558611738937,0.6437298854296092
0.6345839796327511,0.675807134122462,1.119250351077858,0.6156085521110956,0.6023920385977171
0.6352419244242552,0.6623540080464158,1.044009620689315,0.6106412490074083,0.5908199359706703
0.6086087377181592,0.6231635465554669,0.9372197310259641,0.593818641186476,0.6279081183741799
0.6413900362939908,0.676443967467049,1.1305730147236246,0.6047185896681082,0.6264592341662799
0.6792645230552311,0.726348171067477,1.1219830850756578,0.6726233576584085,0.6013856627839661
0.6142252361813633,0.6243057373444282,0.8891482856639369,0.5932022173197101,0.5880933742061034
0.6565513292320087,0.6610133992235108,1.016741173425126,0.6280326792284683,0.6376947586112856
0.6302209435769882,0.6541068987206843,0.9422997550205549,0.6198596558667778,0.6047151212273196
0.6039503740246318,0.6436782159597764,0.9566341907912855,0.5890759232495894,0.5933283613371203
0.6267716903235244,0.6584512502095922,1.114774174444547,0.6012159739029769,0.6101351055788942
0.6045905944780227,0.6198842472579268,0.951770269970884,0.5782146530835081,0.5455630657390383
0.6524346200797557,0.6699071250219271,1.1063407955195526,0.6395202002224705,0.6614099707768555
0.6154937638315864,0.6315854767773129,0.9502862454315794,0.6051024283369907,0.6635806510981989
0.6463408483550844,0.6751158966013492,1.158576267955854,0.6172477785909157,0.6900742480910546
0.5937702830060682,0.6121266847268111,0.9170728553532256,0.5865468279157232,0.6347583940734184
0.6158269971162262,0.6337884916300629,0.8968995110701772,0.6007932495747494,0.654035562910985
0.6725860964952318,0.6923838866662534,1.1496669956435142,0.6325779154240597,0.5617132796617698
0.6374341621104187,0.6409981242549394,1.0378875910026133,0.6314768824244084,0.7006897102356566
0.6823548005652306,0.7065419438042663,1.1414377404721687,0.6674008963296364,0.642410183875376
0.6568531898987282,0.6844814020815742,1.0476193872680672,0.65589755907446,0.5778836245274187
0.6091492611778067,0.6147678085890409,0.8155104630397877,0.5962001633380727,0.6145721923462115
0.6516908985850675,0.6731794138014652,1.0670269448305358,0.6448954803109331,0.7402411235079294
0.6790669353609223,0.6931146749984488,1.1778766761002415,0.6471774490158696,0.6334862570961062
0.6083534341678926,0.6278695475735342,0.9364212438592315,0.5886577131559992,0.6658561501530732
0.6479982516125875,0.6751815164934878,1.0062708439750845,0.6252084087656304,0.5974739853519437
0.6599260082637199,0.6961815695057392,1.118864514219137,0.6424187174538778,0.696973136806045
0.6288102689471576,0.6633242362363584,1.0647883789741948,0.5928014336127286,0.7248336695789259
0.6284298048284027,0.6489757080234912,0.931715769671907,0.6143415957007641,0.5837945543968
0.6105492757851934,0.6400782026504614,1.0525698885428432,0.590867164906429,0.6788101540448719
0.6576193634830149,0.6666541749271137,1.137076186184379,0.628687433127099,0.7054410503434163
0.6284010818295442,0.6412232623977081,1.0104637342044764,0.6150544679991867,0.608446213215272
0.6161924924463243,0.6408931147256952,1.028666683315003,0.5948827391941122,0.6042099293622692
0.6570694567015353,0.6861170405470921,1.0055332597262931,0.637237067257095,0.5995252839837957
0.6765793210473765,0.6885815787049525,1.0210382600242882,0.6564828287442337,0.5959360462784873
0.6315379830288191,0.6487231469772589,1.036048934752975,0.6108682584589126,0.5835231875449362
0.6376714313174223,0.6698463170166415,1.0558525206643954,0.6071130162740896,0.6558446136359222
0.6458854775957913,0.6693182877029865,1.0567655518916022,0.62292052067804,0.6008595592290578
0.6454936192820072,0.6861025660076471,1.0434776729673727,0.6418956894815208,0.6078981065592433
0.6560502477700373,0.6676311281137256,0.9873166087915873,0.6418314507207169,0.6107119022841189
0.6146654222125446,0.6187562091575641,0.8919169195802136,0.5992470995265761,0.7257894337450934
0.6788169970034303,0.6854407294559577,1.0373918066681795,0.6670517851408118,0.6270795269519379
0.6780937325694958,0.6931771017541442,1.062036212392615,0.6643330039383457,0.6759296541623772
0.6303927664023271,0.6556991136336646,1.0140009282574045,0.606662527609895,0.6414962015879899
0.6412018291983406,0.6779605717797572,1.0676481640296271,0.6170605925544199,0.6484730339290455
0.6367766118761815,0.6469333146315792,1.140649257983716,0.6068636872296707,0.622768612597039
0.6335873364570729,0.6486414708322786,0.9871085494554365,0.6286642766464793,0.6692142630113033
0.6536790613900273,0.6565052099995566,1.0213504285675632,0.6384859918996694,0.5938595290877136
0.6256231210050766,0.625795070195084,0.976689020258226,0.6058214166911448,0.5746476682613199
0.6566299876647398,0.6845527108932975,1.1001932756861637,0.640266426289226,0.5949600493983621
0.6188541882461882,0.6272560667991165,0.9114672704081797,0.5963573676330376,0.5834837574375068
0.650854255574946,0.6814584310197859,1.103385802573027,0.6378329786764111,0.5796743588252877
0.6438221817539924,0.6594274294875153,1.079717312710561,0.6096224317003767,0.6660490185546009
0.6722956515552908,0.689139800287165,1.1195829862349775,0.6436220751979419,0.6118502716249993
0.6180871719592923,0.6208527457734748,0.991387181959026,0.5934314179714707,0.5973292340296853
0.6519122472850024,0.6994449369308317,1.0690811634579807,0.6391365303777187,0.6322706606063345
0.6564749409650243,0.6834716653566129,1.1100983702101486,0.6358394656765345,0.6086267937265022
0.6969355728954862,0.7139303989383718,1.164784495624932,0.6787916133956549,0.5774649943173438
0.618718535740385,0.6337199590873512,1.014660177988079,0.5955069447573778,0.5937954577840981
0.6430595589668335,0.648932801826491,1.0400702268725117,0.6039532864889312,0.6670160903644485
0.6589879837073341,0.6714628464388849,0.943359775782444,0.6515220411075938,0.6269895969281332
0.6377737543725502,0.6462205761342169,0.9557116452091153,0.6127988225798026,0.599116607411268
0.6430461419384483,0.6431420926863847,1.0179743995501174,0.6176841952433405,0.602681963205193
0.6552952500628457,0.6642712225648173,0.9871062749421273,0.6434711773797404,0.5695455264125739
0.6483790741475287,0.686927853016951,1.080936344643006,0.6280184699166965,0.6579502820451473
0.6503992775872567,0.6705206683394349,0.9988566790589377,0.6387664922434657,0.5549366898930095
0.602621126934882,0.6291188595777257,0.9641854426525003,0.5867819883631451,0.5846934665740475
0.6345960635705016,0.6534582769968408,1.019383210930671,0.6195574748814249,0.6266727439304323
0.645746438074268,0.663836401118782,0.9171108202331043,0.6313763994248057,0.5689492784147431
0.6288107851443687,0.6443167444213209,1.09002188129588,0.6010704797047999,0.6102564632308278
0.628408825404865,0.6566991270110825,1.0081892972112325,0.6056075573796098,0.5891681527285846
0.6249385323202942,0.6412688032674615,0.969630265161073,0.5985621788789638,0.6126649000187457
0.6173031600009716,0.6550962179679994,1.1664878137766963,0.5862841194260956,0.6176256020445281
0.5834059357439372,0.5970802460633065,0.7531377558288899,0.5777947205145081,0.6334762784519165
0.654663840124151,0.6669772712763656,1.009718270095215,0.6307281222407958,0.5548077374721689
0.6435125760476833,0.660583743399097,0.9808505062533911,0.6217635556037332,0.7103409114574717
0.6256489147413695,0.6377112390547306,0.9254547243930606,0.6107016338596463,0.6824973812954007
0.6236858693758369,0.6243001502716459,1.081525581110396,0.6079621053306277,0.6434230960690229
0.617259661693379,0.6347062323040498,1.051727768274409,0.5941251078812653,0.6048434587177951
0.6445015229729899,0.65654463897488,1.0275592663239315,0.6251722966560959,0.6060228290783827
0.5876241936850252,0.6090076951422309,0.8330852768481273,0.5771022323130764,0.6104304040933858
0.6257942807939566,0.6792045945063846,1.071829423142006,0.6018709348824368,0.6476686533233201
0.6571716402850301,0.6798833597786551,1.0104992795003183,0.648218800835964,0.6376804024120521
0.6444839819329162,0.6629520631400092,0.9903109879314058,0.6246088912846628,0.6820973512162439
0.6607413991868537,0.6839794846955095,1.0168623636440515,0.6477779652026051,0.5355491370847029
0.5991359938215746,0.6214226758177872,0.8992491871334014,0.5838185493411119,0.6459046233850354
0.6633604435549286,0.6985170266303141,1.1099974517602647,0.6625892650864394,0.6006633950285695
0.6444453044215,0.6690981825639833,1.070340466896044,0.6341832527443215,0.6929517131305865
0.653180950907613,0.6676496922625459,1.0416390863255223,0.6463255134840575,0.6439418501269877
0.6083455669381169,0.630726269268986,0.9408773100246407,0.5920472866941914,0.6911080178788062
0.614698931744747,0.6270803661939875,1.0401751737963614,0.5862252052045612,0.6423617340128054
0.6405666701891735,0.6626612548287087,0.9590307232767104,0.6185214689173566,0.5597446538344385
0.6277621300894082,0.6546735590010785,1.0719304300703927,0.6228632393834131,0.5965486850280469
0.5844472738610841,0.597054292643158,0.8418276370323624,0.5753952330519926,0.6433894156512331
0.6251498100540241,0.6526399090198497,1.0606850053921155,0.600266464024377,0.6434071652978952
0.6420293519186343,0.6520953051818111,0.9402875071693412,0.6237581341103803,0.6050759596336592
0.6978684890214001,0.7116370675967724,1.047715298595004,0.6763778036509202,0.5933346347257228
0.6279821552224853,0.6525578733207857,1.0569530393910807,0.5957968332444636,0.644223747030626
0.6610246671397676,0.6652024266095927,1.0238619172586159,0.6399890950534143,0.5947079759278221
0.6402043923401036,0.6446503648596379,1.016651176636583,0.6074935677282495,0.6306386811174639
0.6388899041757263,0.650957790809912,0.953445863795864,0.6411095347827234,0.5674107703002176
0.6550797539093036,0.6724975711756711,1.0323187852409996,0.6383517457021823,0.6819964966807672
0.650893712920823,0.6716225185621132,1.0986699416789383,0.630614793989382,0.6024869475007085
0.6468085245075434,0.6471228129271969,0.994592660690039,0.6263522587059158,0.6024602275526254
0.6329067044958633,0.6553190490918955,1.1237557014097974,0.6105916531574757,0.5200335906009108
0.6287367868740763,0.6535133057019038,1.037975314705994,0.5895531873988722,0.5695418985267349
0.6681944149535093,0.6978550230017013,1.182321166675856,0.6486095709276085,0.6660543061541616
0.6100478544974867,0.6265687384844002,0.8602584901580065,0.6011893012285169,0.6298473080981357
0.6236339918368351,0.635722102366936,1.1649872717795984,0.5846862733235331,0.6315924527706672
0.6204424429629823,0.6519940130070102,1.053340085075841,0.5877796782700696,0.6254386069593078
0.6573229979460952,0.6694884199888848,1.150574747781306,0.6358375410958387,0.6390122377623155
0.6739578434423501,0.7046194631469118,1.1518567291854496,0.648272085383905,0.6161613318974134
0.6191917293205589,0.6366055982012953,0.8847175025064902,0.6209310707278448,0.6716603123408401
0.6200526660328521,0.6433227967282814,0.9419058359085132,0.6023092550236663,0.5492084722856723
0.6200396967496056,0.6445866309511297,1.010638213979705,0.5862080279695234,0.7415642649400009
0.6162268662635572,0.6215913378458674,0.906475398955012,0.6030958996808556,0.6158359336787445
0.6327586603427667,0.6506490896470448,0.9233865451200335,0.6167427486236253,0.5799527014409078
0.6447411523848229,0.6565921596218597,1.044083769079991,0.6310373568830553,0.656601141423739
0.6123225271026813,0.6220468399518211,1.0965093966805712,0.5795926027873164,0.6296117350597508
0.6391021802617707,0.6709676164210912,1.0328880862959233,0.6233077779204099,0.6221958593357622
0.6256495274281718,0.6455647101220493,0.9707831266047261,0.6091855601822717,0.5499027502157458
0.6650372820279736,0.6718350182554279,1.0787431547214235,0.6483353343492712,0.6253547807538122
0.6496091213038917,0.662828683187378,1.0063368545413198,0.633131700083696,0.6184846995286213
0.6416039430702277,0.6566164010466123,0.8951542325924952,0.6277607045270749,0.6377592708583438
0.6326871791493385,0.6686303471971187,1.0896743212071918,0.6133918953748696,0.6745642634049668
0.6073817268539556,0.6279328510839084,1.035730851478405,0.570924248017213,0.6486288954799627
0.6589734521832449,0.6713956016584219,1.0284289742690573,0.6438948444601393,0.6142054536319829
0.6095329241813919,0.6414589607733093,1.020198125560991,0.5932235162190372,0.5883343225013172
0.6104601990369876,0.6431762040873541,1.09353469048258,0.5776178652299935,0.6642709278966321
0.6437982689565174,0.6953601683582233,1.155963671333128,0.61517245541271,0.6607353050709283
0.6282464285036626,0.6490115525166265,1.0229383169401376,0.6039612131764223,0.653396732993167
0.5711671066650142,0.5809930492767793,0.8316958436037455,0.5670949472650982,0.6195166858405391
0.6344351473675758,0.6512988568119042,0.9898858494546372,0.6204627533279274,0.6074342662217717
0.6332291804347903,0.6506337224899916,0.8583356272683746,0.6253834906245426,0.5554849557559641
0.6188892796360177,0.637407320118907,0.877723046972767,0.6115906315682993,0.6169363246955863
0.6494961421008326,0.686691064889975,1.1651095336787871,0.6500064681903167,0.7282234949234903
0.6617921122596724,0.6711695380129994,1.1422502686048706,0.6421800845826566,0.6655186475741993
0.621211770382919,0.6295244680947027,0.94748821296419,0.6029244363058299,0.6597824986573233
0.6864672504247166,0.7039026559546323,1.0761508177516568,0.6507632792381429,0.6862278485030867
0.65956611051579,0.6701629130327122,1.0943727660031934,0.6394793915975254,0.5396701690530701
0.6063982134199191,0.6331047915911192,0.9560527848735019,0.5826146955119114,0.6116062853951684
0.5918035361452085,0.6163997708215383,0.8698700308041967,0.5798334182300358,0.6018125281189839
0.6137227843362628,0.6326963799319835,1.0003804142218429,0.6017384781193754,0.6793032735449769
0.61674730603503,0.6320915275213835,0.9568714422276833,0.609744076937445,0.6087025106223849
0.6697559421981658,0.7003705330023526,1.1473001075798008,0.6469257175771925,0.6044214851239275
0.6605995765102919,0.6920385839780563,1.1144058710674187,0.6343282698017059,0.6484891779411204
0.6587897745020069,0.6795202712582379,0.9749495606955588,0.6383592455756045,0.6550836118900216
0.5993975613776468,0.6116202409338252,0.8038944275920092,0.6044419043534213,0.6272997809579003
0.6404023693408814,0.6806994892595837,1.0974185100130396,0.6105612877801501,0.6971615139221429
0.6558816293118774,0.6775023681576984,1.102473351654847,0.6435172598229817,0.5279574137380321
0.6639490050395117,0.7006739894955542,1.1285277342278643,0.6274586258162237,0.6487135250224031
0.701498396593305,0.6979336563771932,1.2291025934178592,0.6794757128965976,0.7074551297487441
0.6473278849695239,0.6587282656808777,0.9728978379111177,0.6166098883298972,0.6149010917649903
0.6435946682262712,0.6736355933592877,1.1261341720506295,0.6123736909703099,0.6688622335948017
0.6346214517573237,0.6452336001854777,0.9001612409540296,0.6279611231996649,0.7085422861228231
0.6617260196293098,0.6717341789759985,1.0620181521726733,0.6552340651523767,0.6759040660032557
0.6522231715088115,0.6788660933507403,1.0326942323599124,0.6349105833231709,0.6233456625208187
0.635590162160217,0.6489448282277149,0.9673973437648103,0.6205510492770344,0.6598324272456074
0.6323774532614701,0.6499423018308299,0.9857347003930756,0.6113787379260196,0.6226154730494388
0.6356978145331131,0.6591863120809867,1.0736790817340494,0.6166569778965332,0.6884457705784819
0.6358766674278478,0.6522911912327576,0.9269182025111218,0.6335917283903354,0.5813634317732379
0.6654328492822764,0.685778741664656,1.010404439040899,0.6458935487795489,0.6203027253453026
0.6626789477031504,0.6934488874828199,1.0294551356923427,0.6428017850822011,0.6256445982949195
0.6569202845554859,0.6763007682321308,1.055962003674169,0.6370252245674922,0.6233935463726649
0.6460081754739158,0.6537292678512892,1.0758828587690494,0.6337847111119694,0.649981058787561
0.6700283065435958,0.6790096859724005,1.0572059125802187,0.6426035328626108,0.5900214739929833
0.5862231678044977,0.6248904605616733,0.9731871679328686,0.5674556947114139,0.6260527008444209
0.673216967285083,0.6843917674742721,1.0143081049598373,0.6509040773116661,0.6878488245357237
0.6314324272039901,0.6434446227711205,0.9833370482775777,0.6070020958806212,0.7012060140826877
0.6493901609434803,0.673776536159267,1.0880813073804645,0.6285721979032438,0.6208976711850089
0.6485250861658783,0.6965901469375156,1.0607045965605084,0.6304608389579168,0.654988873554052
0.6203021160348763,0.6224741714525301,0.8096297809514529,0.6083562196538785,0.5959411889291296
0.6439655434597281,0.6502340746357184,0.9219123331574556,0.6288154941932148,0.6641613215326295
0.6108811643087038,0.6406310754772238,1.0332735221739264,0.5884736920336018,0.6260383115728219
0.6156615815475847,0.6234048813175949,0.919736317884099,0.600305508045525,0.681097498965621
0.6476961229508279,0.6714613665060182,1.0364390518762523,0.6428471089734312,0.6201800475524106
0.6382015792960911,0.6498306806295822,1.089727376856798,0.6156205571726439,0.595000945790476
0.615588217789945,0.6515382542450787,0.98547865963066,0.5922634648473677,0.6540773586438228
0.6248226646246473,0.6459734630824334,0.9817892557673251,0.6128571675207879,0.5822682629984599
0.6546193296448763,0.6773582630388415,1.0267728256188107,0.6226646254081152,0.632622643221115
0.6301495727263714,0.6383677115782639,0.8865356058703763,0.6170885683904354,0.6178609954816547
0.6499810722640077,0.6642052533550754,0.9576569338653987,0.6400141941251166,0.6611730006920105
0.6514720203870349,0.6686410306987131,0.9430432652719477,0.6434791508441117,0.5874805746873445
0.6529310524327777,0.6725741737523235,1.0595712998474704,0.6335633681936134,0.6039776308107067
0.645644941617367,0.669387958718013,0.985915489517626,0.6394993162243198,0.6604815715433019
0.6841610307039422,0.7124069066451201,1.1424823801005126,0.6667727313191772,0.6220822095724945
0.6867103158584977,0.7166987585082998,1.1489153632790967,0.6704631059934734,0.636301101451473
0.6615175022992096,0.6705446330529593,1.049442232225604,0.6479987108462363,0.6525583843144899
0.6625221119423063,0.6890581494965901,1.0566042232315613,0.6394741883546528,0.664056495661032
0.64636657161365,0.7040593779407149,1.1928167809702706,0.6106149263183884,0.7280303921863206
0.6529257386856196,0.6944543530947188,1.1524541712356369,0.6179327745185735,0.6041774377431689
0.6692090244049834,0.7081258353457384,1.164237575239409,0.6353606199477452,0.7094861573599135
0.60512799463877,0.6308517738538313,0.9429440875568882,0.5903655136696335,0.7542056397733904
0.62429872732508,0.6394675559510186,0.9399361626110181,0.6054439216233183,0.5502930215697953
0.6320927851209142,0.6509425121971348,0.9622119023408622,0.6173681495520691,0.6255895730766233
0.6729913777970297,0.685904609978193,1.2175452103512185,0.6437565018124126,0.6015332482096162
0.6627893562019226,0.6884199793886999,1.0601205201252708,0.6438489972867031,0.6396017504994242
0.6401009430256221,0.6733441371307205,1.0067126677822422,0.6174015483135367,0.620583616885953
0.5929831638110684,0.6273029171788075,0.9362618428752075,0.5817338258769914,0.5734725043160772
0.6473608135133128,0.6611692001733035,1.075400966131408,0.6121214065293797,0.603698302376155
0.6196055865018166,0.6520095093751277,1.0109602665861002,0.5986240868449542,0.7059027829188205
0.6432750194512662,0.6682374738208885,0.9920463625019129,0.6183505822006097,0.6315560495931675
0.6497208245651896,0.6574819017001278,0.9150874182875065,0.639576516860712,0.5686317532559916
0.6369212395918075,0.6473690575038237,0.9539139520491767,0.6271616957462797,0.6144132710556071
0.660978767526511,0.6992407050663362,1.1028992498187495,0.633369737675484,0.6189707493292743
0.5990522560678466,0.6087688548244081,0.8594504867579313,0.5989947691163764,0.7081334706203859
0.66503501335038,0.6835013540012023,1.0367817511238526,0.6484793653094041,0.6717011801831385
0.5910477550183865,0.6108433251361137,0.9070973292616681,0.5763434363331582,0.6658634295886513
0.6610847287958955,0.6809764132533752,0.9741636014123723,0.6535976928742432,0.5849249578334407
0.6716117175412707,0.7058960414506464,1.1076871559155568,0.6510527361634305,0.6288531477098309
0.6572966143739843,0.6969775710245251,1.1004077602800568,0.6345043342130207,0.6957917644485443
0.616937209321243,0.6289528842757223,1.082864203406785,0.5977242489018456,0.6130088800340945
0.6480649406113658,0.6661580044811385,0.9526440001306399,0.6144728455291785,0.6240059711193059
0.6536387941505892,0.6572670584699023,0.9945721839809138,0.6434791791782175,0.6271767426753952
0.6493200895880605,0.6859159440506472,1.0621098561464621,0.6293336284651662,0.6939777162800481
0.6166349414541309,0.6114573239594515,0.9639075006431624,0.5943043447694417,0.6648984340004364
0.6030557600446789,0.6178693085803593,0.9032820848271945,0.5773137365168399,0.7047970656323151
0.6481643240022362,0.6640453319045198,1.0235461780933872,0.628485138573554,0.6315762176341014
0.5972839260901442,0.6130537220370266,1.094427609965495,0.5697363306848092,0.6782317224222025
0.6187186322996049,0.6378700645462797,1.067792743699659,0.5797232901261958,0.633088590831909
0.6644223259444805,0.6824488769010878,0.9115058776941071,0.6583746440449917,0.6039979963226283
0.6332744330480797,0.6498654904167958,1.0411841668536883,0.6131814397302979,0.5927039291469042
0.6002163273174729,0.6104559376831978,0.8435938733627718,0.598813845096451,0.6959237200414432
0.6087556734897601,0.6344858307024064,0.9672502153097822,0.6009992008704266,0.699567170329603
0.6450810588120391,0.6739706108747688,1.0610001356534355,0.6171866355018022,0.6777461448792372
0.6620158497030753,0.6883153929735935,1.0918208663425273,0.644211976337187,0.628247539195808
0.6347359985320499,0.6533914611494657,0.9800597760727033,0.6195480329852424,0.593609518245478
0.6329308568371474,0.6585235145865351,0.9840336006111146,0.6211566302710079,0.7170451057191762
0.6313684072116295,0.6598543606109049,1.0024511124916493,0.5960456033212811,0.6359860531865229
0.6285788159183192,0.6483205161589698,0.9036859097919141,0.6150844585045683,0.6999953326501858
0.6578516872708308,0.6858965947091046,1.0670028153312425,0.6428967209127582,0.6402893263624271
0.6998035278278203,0.7273051471643033,1.1754347833435856,0.6818949900833462,0.5579428772568422
0.6941602507428052,0.7044202376343532,1.0029368330916175,0.6855289770046084,0.6272685036746857
0.6159017951885697,0.6304047108132438,1.0023210624899026,0.5869047477107223,0.700936984125807
0.6202478821857458,0.6309961364053924,0.8691151047478898,0.6069101235655194,0.5885655223911281
0.6167250046547035,0.64078217553427,0.9255768507899276,0.6102857254213774,0.5699398972989302
0.6284165314030112,0.6365475047439422,0.8803952449878838,0.6178600084007664,0.6594604812108998
0.685859091982718,0.7046985160508118,1.0894712943943263,0.6612525143297673,0.6222307318167691
0.6058240473147456,0.6131888519372501,0.9414425854496273,0.572644833697507,0.6040436359857934
0.6393157704469983,0.643040422349815,0.9813685126183489,0.6215210556536928,0.6629925348262844
0.6517881439013118,0.6697823826784022,0.9695815636598883,0.6282201937094334,0.5651860633767386
0.6390775777581251,0.6410322760795438,0.9388174833973663,0.6261234044809761,0.6701125683627072
0.6392894122529439,0.6786477655263926,1.1146472040961242,0.6150658400025971,0.6259190436143969
0.663343278982266,0.6858065872670465,0.9860132637543684,0.6456090992818591,0.6708395814941994
0.6500465658861081,0.6821960113722942,1.0246282441527566,0.6224014187213316,0.6128144764443888
0.6483178672163876,0.6883501121277296,1.0625393593655823,0.6282233456340118,0.6613068015969855
0.6225650083378957,0.6394258144141527,0.8820394560977753,0.6039269008568371,0.6717435150039509
0.6739344598454875,0.6986499712293046,1.0722327899418458,0.6537234078350567,0.6147272502972887
0.6245791350799145,0.6498162394029062,1.0520641524982324,0.6162705581392535,0.6127407864562135
0.6563447756045669,0.6863405475345691,1.0615653818117483,0.6301954236356887,0.6196041799614054
0.639948627150545,0.6729477403467194,1.088129310889314,0.6265811121112776,0.6068958532898177
0.6417802716959894,0.6598001604312461,1.0299781654489837,0.6227744791925208,0.6476140890243771
0.63360439955419,0.6620362429454663,1.012471606542228,0.6209300474718822,0.6480304205763713
0.5772750325039264,0.6021013202132774,0.8963831620565075,0.5687472213166063,0.6794339469837654
0.6384062536346361,0.6675151089374954,0.9426017776576617,0.6235951345562772,0.6679687524537546
0.6707947020182855,0.7011466540956562,1.0589800400272087,0.65061580074661,0.6248173972327726
0.6430667484712276,0.6629790015096166,1.062807903510061,0.6216686660684296,0.6534410516634344
0.6157526533670025,0.6313880713728061,0.8744293261307986,0.5942839841547639,0.5525401227797092
0.6628202453922271,0.6888201043722871,1.061712938888805,0.6608764534947454,0.6393168800109238
0.6492489972620465,0.6652204496216994,0.8800504627209207,0.6349497851654078,0.6007975920093458
0.6227149451061389,0.6644592862640897,1.0463174481134132,0.6153942688239749,0.5932749063295286
0.6506795454653699,0.6611436017024416,1.0356944957537566,0.6447489852982783,0.51791923119113
0.6481809577340003,0.6932080017875764,1.142422429861728,0.6253186655654257,0.6846280277190586
0.656689358275486,0.6869551635702587,1.1336556212789317,0.6091657143126461,0.678636634733286
0.5949711919014122,0.6066852027854157,0.784634136124534,0.5862258168696024,0.6108854044991925
0.6361770489880031,0.6571291326996674,0.9455299563397132,0.6246214050990507,0.6338517345838367
0.6266186561478881,0.6383475531584786,0.9983554410437467,0.6165927996117913,0.6133969481222387
0.6260100210607893,0.6546986716421974,1.028828069334219,0.6003253781312943,0.7242994514321703
0.6360516892127983,0.6590796115443742,1.0733578490296998,0.6210507992981353,0.7221325205167829
0.6391521688757285,0.660402419846529,0.985607515906185,0.6188667213899208,0.6317097731493627
0.6338668401517124,0.6714621000288944,1.0449549743606377,0.6107909277355325,0.6362637040277397
0.6241427771668261,0.6760879921647197,1.0579657226707866,0.6085074025405791,0.6166221902783244
0.6562057795828727,0.6776868015462555,1.0270315964417391,0.6412689590752713,0.6443340879929365
0.6494372074726061,0.652339885246359,1.0543572508233168,0.6133550667645992,0.6134441928989289
0.6294744604980346,0.6590674562962661,0.9292623299106987,0.6182736471741855,0.7066677094526723
0.631516026442082,0.6425616243495991,0.9789941189566425,0.6037077481806141,0.6100372820418389
0.645976883693517,0.6646619424913273,1.072002409469615,0.6345088609835766,0.6215501121684376
0.6437406577333052,0.6778794381167076,1.011788012853784,0.6248120670240497,0.6190784452785808
0.6353023314147154,0.649393570013299,1.101516790522417,0.629118703849734,0.6392106234871268
0.6460749463424925,0.6714087396539493,1.037372933056114,0.6337823852966548,0.6924437586819647
0.6279146119835526,0.65501838019507,0.9893297552698666,0.6114376272443389,0.588697627654359
0.6399972553548297,0.6838952742798583,1.0553015362492884,0.6135138241516194,0.6568792277487434
0.6516613278231188,0.677042897379959,1.0982778412882483,0.6259655103974048,0.5813900065770183
0.6316491027591848,0.6322196264105793,1.004491758419956,0.6091179372736304,0.6165410329968687
0.683585012656906,0.7052701790989436,1.0714144692809753,0.6626944026602043,0.6353095879520076
0.6117073906234092,0.6190535818976912,0.8082568938717551,0.6095887025426936,0.5031379578538179
0.6434168690185609,0.6719731299653338,0.9948001997588929,0.6443808450780673,0.6235225854726134
0.6064681307055028,0.6198702900546628,0.9131629659026635,0.5955758154458016,0.5824955143575028
0.6568210322265043,0.683182657220735,1.0909048099438206,0.6317446103505685,0.5951025989598273
0.5898546291917185,0.5960984720921484,0.8800019621624559,0.5765806648253721,0.6582735376881783
0.651554581100285,0.6879658015126775,1.094333547129329,0.6230575000672445,0.661899012337609
0.6300550722497772,0.6376963809354846,0.9308672865633608,0.6199322242950659,0.5392080683704662
0.6534532983864745,0.6594872073843421,1.0334960618014053,0.636106858904546,0.6126288750309882
0.6756535263443577,0.7003580564409566,1.2191699145330344,0.6507839939386482,0.603817744696063
0.6842030856973104,0.7135387781874477,1.1883238700288903,0.6537864961654979,0.6613782907321287
0.6868573892955189,0.6942325832392294,1.0576993827321344,0.6708645740978453,0.6889370911641901
0.6631217276652865,0.6970875793702853,1.0782482710060524,0.6554659995531336,0.6663660909518988
0.6808844802925251,0.7051626501773849,1.1013299314338898,0.6627794302469283,0.7138171478819785
0.6317381839022498,0.6471668847971119,0.9358764459050504,0.6218108035259551,0.5828442125612722
0.6738775269055661,0.6929164981758051,1.1421432157283438,0.6463043416803596,0.6280298557332478
0.6237881493325683,0.661633337510809,0.967861961717966,0.606781653985464,0.664909816185161
0.65372053074988,0.6692165418377877,1.0579113969247347,0.6183620644603455,0.5981484758185498
0.6687126293156168,0.6903095085010823,1.0566311912100952,0.6443854170463764,0.574826127206099
0.6119601534725733,0.6161929033162968,0.967027017596435,0.5943041182321679,0.6363911612534601
0.6044541397571366,0.6153578669737942,0.9155583613218152,0.5868989857948614,0.6171122631912968
0.6567807367946513,0.6929608386686182,1.177220600843476,0.6366868358577927,0.7148968389748231
0.6338880352377614,0.6377237217890772,1.0537627127898852,0.6156915496436093,0.6123893968443236
0.6328084584768425,0.6595098617527511,0.920418589493285,0.6110217934316675,0.6465838956997042
0.6306931315145795,0.6463071931779684,1.0985440638632529,0.6125657903006417,0.6512916892018656
0.6348554188862363,0.6515016287798225,1.0088871936788282,0.612046699694051,0.6037196568769355
0.6400889800234278,0.6561032682544196,1.0836079443922433,0.6259540986590119,0.6281265043645938
0.6414717497448496,0.6633141263544237,1.021285709432116,0.6171649396016351,0.6005568231736648
0.6429031142727111,0.660321494230782,1.0178633045694925,0.647314822351911,0.655229337757344
0.6306303263997018,0.6363750398958269,0.908956063040724,0.6158940534001608,0.5409840338429817
0.6211920278275905,0.6385859691489365,1.0418985294368732,0.5949665846668565,0.6260181983382903
0.6422358711113874,0.6785191838500868,1.1348974187568377,0.6261324868378417,0.7028827927789498
0.6317621308230779,0.6389105971555495,1.0475177198722765,0.618278947984717,0.5957949771032522
0.6447811674366877,0.6917738703411742,1.086784303950516,0.6078584369533999,0.6757128562760681
0.6023970946818877,0.6214944639021478,1.0226349030280926,0.5740988044279265,0.646303696748429
0.6397968976943468,0.6547376623972728,1.014291051681321,0.6204222957068078,0.7141705743874803
0.6354660738813136,0.6545627730933328,0.9764582715998997,0.6234249737432458,0.6408930910669559
0.6445261726684843,0.6857669485972231,1.1223510868895197,0.6131561312042604,0.7090311228982438
0.667924301221049,0.7052655446861442,1.1719904932095722,0.6495917063418857,0.6969929714854487
0.6409155357317425,0.6606512692222449,1.0526691402633777,0.6346790604627607,0.6530718210722208
0.6386548098136855,0.6658476348436537,1.001625233154849,0.6208387621431901,0.5857287522229198
0.6038991233302958,0.623828229909189,0.994072113837673,0.5964082550211248,0.6680964169262975
0.6445372297843012,0.6635725036985268,1.0693614584613407,0.6212517147657853,0.6547984445157031
0.5984891983308841,0.6140536441903438,0.8085119128528888,0.5892943186847482,0.5677895007176496
0.6337438387372172,0.6785855583403648,1.1174438123260344,0.5920564666433832,0.6582473303332066
0.6544066960001524,0.6933225093176696,1.0425165181776015,0.6231332032570784,0.5748557926506984
0.6359504438364653,0.6523336200477826,0.9241855614723543,0.6249576023342184,0.6078874674164049
0.6425177814521009,0.6460307813952014,1.0017202132226046,0.6257818653393342,0.6210329783737254
0.6208784004321906,0.6358643248680405,1.0723750885717822,0.5925937699302104,0.6238615802290827
0.6697199746071563,0.6988450472393339,1.1317594517385066,0.6336902608920549,0.6028641838710814
0.632986911280176,0.6544372169700869,1.0074709471438188,0.6103337917554912,0.5947160000812654
0.6415186645418806,0.6724690556241474,1.0038305419338962,0.6478915464040175,0.6364013706395767
0.5903063132072801,0.6229140848676755,0.9435817574323431,0.574189713320238,0.6432638694070117
0.6211169650041929,0.643773837010516,1.1362749839035104,0.5709512350117337,0.6885266502992944
0.6289563334260438,0.6486908118214606,1.1363036931856292,0.6030471777850367,0.6791229502673343
0.6367202799910019,0.6471785557379792,0.9207982432577182,0.6264308317347382,0.6240955996771624
0.6213161965015696,0.6510770944485788,1.0299772747871336,0.6110792564492417,0.642990666471115
0.6345231924274034,0.680733835625578,1.1031191049343625,0.5960867609229868,0.6844206050645048
0.5855125230478722,0.5980861711657506,0.9233319626992307,0.5601732588670691,0.6607702399860912
0.6493073195303827,0.6754822937972296,1.0724874497353947,0.6255384981502707,0.6123520344184598
0.6430837314095359,0.6698831056746184,1.0777969407169263,0.6209795641670084,0.6743992050989869
0.6623524763681627,0.6813004826003775,1.1221661247836294,0.6304277854304419,0.624476214793404
0.6351676586052394,0.6388846108860301,0.970323424892506,0.6147596622965211,0.6288236243345526
0.6461582746613321,0.6729352489483413,1.0764151032854317,0.6271728438668203,0.5915076800062807
0.6471200760566604,0.6684828170261745,0.9996411069199345,0.6441416268035909,0.588825436383907
0.6488642303915639,0.6821036655035442,1.1134213199733398,0.6272133697220676,0.5892568544825154
0.6108233227747825,0.6440016470835835,0.9652828195578406,0.6055848546611334,0.7030510685844424
0.6477923207918851,0.6569893646154511,0.8823547977024336,0.638919077555368,0.5430136122032704
0.6527393307216588,0.6621138565725114,0.9802084450874892,0.6417029351078,0.5474985150083637
0.6388965381305141,0.6586976305067032,0.9274643929689406,0.6254807529596258,0.5787057936925042
0.5989037638430728,0.6142413610801285,0.8442622740982486,0.5816550549119155,0.6393616619718547
0.6503762368462034,0.6648573759888816,1.0910223394176402,0.6410861961408261,0.635404778650366
0.633661571651785,0.6325223716480277,0.8401225045483308,0.6248726585505464,0.630011081551502
0.6029975568624852,0.601607643764209,0.9797176055557477,0.5853937255201744,0.6127478228824296
0.6347209002878746,0.6585120750476636,1.0382904014471512,0.6059589359736961,0.6651246077254849
0.6539228547649731,0.6673302823445701,1.021845948685816,0.6467733778125062,0.665420958138486
0.6191771460483071,0.6290854025741186,0.912708881805701,0.6022238859097546,0.6908224413229841
0.6418947445323192,0.655431194585193,0.9859799615974626,0.6197321715547047,0.6795176325087179
0.7037506312352753,0.7327165617838032,1.1463287585632267,0.6751169856212373,0.6240560203921226
0.6274179998651289,0.6466629413533088,1.0669422289613002,0.6088821887521144,0.6270088271388232
0.6420752798539752,0.6415376506015945,0.9358174446833402,0.6149071364536357,0.6154258960325794
0.6436071709882711,0.6707073167696131,0.9718357054056499,0.6205919147015024,0.5540204816591369
0.628184680081326,0.674960000395985,1.123137872708711,0.6038123509170386,0.6028573144101355
0.6407032387422916,0.6516454525947496,0.9949272908793835,0.6190716718919865,0.5821632015226561
0.5991979935216152,0.6074055996860004,0.8550516168305344,0.5916864406266527,0.6039749806904969
0.6262690652218867,0.638576774942901,1.0033148139986057,0.6029760323655275,0.5853935537335117
0.6712131497787155,0.6881163178288761,1.0657681099308667,0.6462744412774395,0.5913260017193436
0.6302655973424308,0.6449195211668141,1.0138316925751414,0.603100648238276,0.6249641152541198
0.6526875452412181,0.7014458674230871,1.1245551809247636,0.6373484263377697,0.6755851220209204
0.6454743652547364,0.6556209716289373,0.9125979599995925,0.6328654862524125,0.5907621164892098
0.6453910965654623,0.6747349570905241,1.074767084691438,0.6213939939959783,0.6136376327226671
0.6222437853382934,0.6507844537456309,0.9902729568675523,0.6078790535733904,0.6727616073724907
0.6599764884190102,0.6749994807922037,1.1375067488773782,0.6389189366496917,0.6565773210560286
0.6503310939615609,0.6733082574768489,1.0490058953836452,0.6312374355007196,0.707384788158652
0.6660084181682512,0.6936317075317565,1.1684392472018712,0.6428010599991544,0.662473074839572
0.620336880884127,0.628551413940228,0.8959395560045609,0.600041473169123,0.5876021405192858
0.6716351284081913,0.6930282791487422,1.1526237771215087,0.659830620134929,0.6559295785455784
0.6287043203745051,0.6488081459974819,0.9374947536283833,0.6144874341567728,0.6533413773341872
0.638736654069783,0.6698135906106808,1.0317105237006337,0.6191631021178168,0.6950474936762894
0.6689864536787832,0.7087854951923677,1.1421752674430574,0.6365017782848076,0.5773124478403923
0.7134457002974096,0.7455442550501102,1.2020286443527,0.6834619496070565,0.6276134746715385
0.6392594652427727,0.6639226117219893,1.1008168277646342,0.6071556880783046,0.649987300554527
0.6442907291133263,0.6684927546627052,1.0065776269185789,0.6128716968701114,0.6375125608393445
0.6371409183677189,0.6457231742750199,0.9084740664734067,0.6332468552256613,0.5702940716185728
0.6318543988262,0.6641550682650059,1.0801664731716134,0.618588545718078,0.6036350034814422
0.6687930657001281,0.6883970918952383,1.0385644334326902,0.6481778845697003,0.6981428586468723
0.6261160609209794,0.6197243313751918,1.0676702507851954,0.5861540077903732,0.647972736866943
0.6119480594925986,0.6145730701735259,0.7120204311058546,0.6061905701729797,0.5673472178051114
0.6315018534918019,0.6459611589755246,0.9907956090477902,0.6213715314365663,0.5967249855959422
0.6339734726178313,0.6653893627237754,1.074589923033217,0.6087283359180403,0.6630882427499863
0.6611902532375317,0.6882237773375314,1.143381645917247,0.641473519083703,0.5597137527525409
0.6359507717407208,0.6568223285928502,0.8975289104945722,0.6139982912723972,0.6650368422741652
0.6773321468409578,0.6768113331872544,1.1137094240203091,0.6677881021998998,0.6584950117946046
0.6084130532610229,0.6125555225485327,0.8945625570796142,0.5866628693787478,0.5553991678597341
0.649639648947033,0.6769647732922784,1.0645107597169883,0.6164580214934453,0.649579681860049
0.6320243301263001,0.6303402058385977,0.9836661252048328,0.6146063900458635,0.6429515446213582
0.6401792255636646,0.6507325660583602,0.9407061336538906,0.6367876882253997,0.6058024422872265
0.6480750002493774,0.6657415894418492,1.014912233630638,0.6248862659746424,0.6766720196447015
0.7039234712257112,0.7213449236099472,1.138089319509602,0.6765198874153431,0.6522286817734899
0.6462240637492637,0.6822323285234603,1.1467973519255983,0.6292175336236697,0.5931263429872198
0.644989899749532,0.6423362692575354,0.9755862078422595,0.6175859768728726,0.5885817265427058
0.6367503757442137,0.657609297485338,1.0517275943712487,0.6130648266789884,0.6644882183641502
0.6510665831427921,0.6839394651419691,1.110046453851277,0.6190733628795174,0.6810029409048706
0.5960241863879171,0.6081756194832123,0.8633419961037797,0.5847434928299241,0.6655132782781992
0.6513110733815123,0.6701904010572611,1.0971281130571544,0.6232238964154401,0.6418370752015404
0.596326132605892,0.6165648591325423,0.8673806837906679,0.5772795094150589,0.6290617064221201
0.6690302828840948,0.695124162289954,1.1275144869301215,0.659995826582193,0.6225726865190266
0.6617510580965733,0.7018098248938547,1.1393450549025463,0.6249415551178548,0.631302351684706
0.6570406228628388,0.6750604923880442,1.1920832524578109,0.6305294278807317,0.6632275422257959
0.6646925883057723,0.6961209097552451,1.0920409674418035,0.6537741672922476,0.6731341374434205
0.6165110437159573,0.6357877935768956,1.0396209166058534,0.6033150306964086,0.6090906571899138
0.6271084372092579,0.6568229536999934,0.9627742365890741,0.6121104458622606,0.7388864729732318
0.6644827704357416,0.6829888735869406,1.0863261952352135,0.6364475778897681,0.6322012383643016
0.6288113086805375,0.6434366740128644,0.9492519808479613,0.6196624779788621,0.7302896355975579
0.6300956018335014,0.6507102399167394,0.971972882059743,0.6113407895361301,0.6443822482193863
0.6342951265052533,0.6487879863094562,0.8970265454038525,0.6270149993558835,0.6524444789430649
0.631585002251726,0.6533854380874098,1.0304296001317788,0.6158968190605385,0.6375190282901113
0.6081143611488251,0.6396963337421115,0.9764565424143972,0.5800097387604595,0.6403115427738193
0.6477537927782656,0.6676982503742722,0.9787822458648078,0.6453156523475653,0.6521126269519458
0.6257511777257829,0.6352927866785598,0.8797065771262709,0.6098471486029051,0.5976929016958069
0.6097109126903423,0.6215734277031412,0.868424374892251,0.5977507022007985,0.6804740940768403
0.621769228570057,0.6228738764228362,1.005255329866952,0.6088535717683817,0.6380575884364404
0.6391376844458355,0.6630586886680169,1.0507734467177547,0.629272418915861,0.5951037539166693
0.6514268031630368,0.6859953096507749,1.1290435606665965,0.6257471896669315,0.5409980264438425
0.6436469053104953,0.6745994011061834,1.0392021900682704,0.643055573096523,0.6502751176035904
0.6327152383224043,0.6746110124044781,1.0704024890794148,0.6150924754092354,0.6365811654900955
0.6563144920497799,0.6870076945138732,1.0307447181084108,0.6315363907386866,0.5803458632077435
0.6634901241793137,0.6681728420311405,1.0436848345912635,0.6373195234409613,0.6474809638769445
0.6401147576605011,0.6529965804582925,1.0116263745825183,0.6198522838342062,0.6295749454385914
0.6323030842457361,0.6581357505866362,0.9603155471404664,0.61612375356839,0.5788078961735557
0.6165035481290301,0.6215423339397496,0.9430027922532528,0.5962860144465242,0.62323249965704
0.6486725413084454,0.6708273655731575,0.9788980642300654,0.6290232896171973,0.6129741528378415
0.6526508241322054,0.6687198517961165,1.0072143931779256,0.6304165923990345,0.6759756734313593
0.6426791028499244,0.671736054939233,0.9841745187137254,0.6287833057478971,0.6626044155198384
0.6755452021659257,0.6967218202196234,1.0642071545241523,0.6472055538325762,0.6570448533076902
0.6469483928087628,0.666046938162835,1.0272914309285133,0.6159237968038286,0.6429144183299617
0.590574704828363,0.6006104636269379,0.93374849660854,0.5653971230309255,0.5994643181233902
0.6365777000070603,0.6489735311942626,1.0049219544881864,0.6043897736816204,0.6217078592608243
0.6241241869425146,0.6379381668398466,1.0856237266199456,0.5920057909948918,0.6622682416382335
0.635335150067178,0.6527459960009769,1.0726233734688353,0.6125744234073618,0.5272163828528528
0.6601120044633032,0.6926072030975646,1.1075294746029245,0.6354029778172271,0.5978594034200655
0.5937359389530323,0.6060038336299294,0.8551061226749681,0.5855748730131596,0.6405193230150946
0.6267550873970467,0.6516183538771243,0.9433011408981373,0.6149032699069934,0.6171567163817631
0.6036769785747076,0.620581000456518,0.8672489499348546,0.5818086431309932,0.6288090966693999
0.6741133505582977,0.698021490831592,1.0943407043108575,0.6688177987214514,0.6759072224995085
0.644568040420774,0.6860740768839727,1.1779555661900734,0.61236672266483,0.6429472129832888
0.6227636075778974,0.6402830375894876,0.9577272610999564,0.6071720547450613,0.6221237634578094
0.6083551755649477,0.6138819155781456,0.9775644796218488,0.5949988346385224,0.6641890568698626
0.6581833046525406,0.6904365178421606,1.0419214103399086,0.645715133530738,0.5840659691679105
0.6296438278205684,0.6452863030680472,1.0049787494897338,0.6034087761632804,0.6251172431379214
0.6335634184725826,0.6547512624739366,1.1264737760235826,0.6009777072222301,0.6344609430821904
0.662438946726349,0.668342080706531,1.0399027227419286,0.6524909620217085,0.6697052807378205
0.6067708837860235,0.6287885498650594,1.0530488879969,0.5774049609084133,0.6499995540447864
0.6378365655696749,0.6680250770690195,1.0650320162478975,0.6251390655412201,0.6430805013563452
0.6205174479972964,0.6300903733012873,0.9250126620076851,0.5912724053702416,0.5914748990377264
0.6066241288419262,0.6187854834475478,0.857201215299571,0.5862764634558194,0.5780460120952255
0.6000321946177987,0.6172467551186396,1.0615329869024597,0.5754555810580781,0.6503531727821837
0.6517573718408649,0.6779178904191456,1.0048761324018487,0.6374398504521237,0.6597345079615836
0.6165241247004155,0.6449998796248356,0.9537357280976867,0.5826275161030906,0.644087392664501
0.6587765576070306,0.6792043766129578,1.0624821698287528,0.6349986787768473,0.632484341227908
0.6649439605384608,0.6901911700288588,0.9903660825770266,0.6540446725430185,0.5662397158774866
0.6521519063061699,0.6817421007804406,1.0558616611362641,0.6379791319301068,0.6558624770248227
0.6141735074858626,0.6381336112240906,1.1815538457434562,0.5793962310974402,0.7194724743154435
0.636934157695868,0.6564409856413262,1.0036742893898971,0.6126082043602836,0.6391138887900427
0.6517901859994429,0.6827643404821805,0.9877746750261617,0.6453898779745076,0.5693156480179532
0.6626335656502463,0.6831811662281747,1.0753039010278962,0.6381538028659431,0.6441586241151943
0.6408120212213183,0.6605088245647356,0.9880390467814059,0.6243289252284047,0.5586470005652954
0.6410725626531696,0.6664624679938064,1.1305173915283873,0.6055469463284741,0.6201118795074377
0.6215259790910687,0.6648490103636745,0.9935658491866323,0.6126431370484003,0.5934041875103552
0.6589162690976554,0.6850823853070686,1.1067632848271378,0.637165583884702,0.7004160186981707
0.6658723745435805,0.7005722108032698,1.056785699092587,0.6378641409026301,0.6297980937128217
0.649568528525705,0.6620160105735541,1.0045800163794958,0.6432769372896266,0.6083213191658133
0.609110883213134,0.6277320962008079,0.9331131317196297,0.5825085902179346,0.6280564542943614
0.6127499509580051,0.6317522734245963,0.9451594570497855,0.5966568922831758,0.6624758238049454
0.6476019858029911,0.6572571836809553,1.0165508134358416,0.6232469221657397,0.5948697487367469
0.6397530111404818,0.6695121604425377,1.0831636744674573,0.6257396036760922,0.6683724512406708
0.6561861883990061,0.6736407347858964,0.9024513651726702,0.646302383781074,0.5793985050852823
0.6528556439766855,0.6695003106795929,0.897200363532402,0.6421149585207819,0.6282421786746639
0.6055412395740588,0.6228513626280471,0.9159417035953338,0.5894772841609951,0.5773305179403428
0.6409877513928683,0.6597362131698845,1.0538106101496274,0.636826968428509,0.6012305826751072
0.6559883510369864,0.667087901805751,1.1275743813535244,0.6436615258789513,0.6949347593429755
0.6714709915812904,0.6704546230627779,1.0711461198593277,0.6606998811975087,0.6623354781340787
0.6196202896473713,0.6322522731950486,0.9512430820628404,0.6101384603903219,0.5880195858050331
0.6327544596154634,0.6457215583302222,0.9885229076759813,0.6131905440408573,0.5785089049674055
0.6424374012912486,0.6686678514040441,1.0164279899562294,0.6230921654119868,0.6519863935731854
0.6525378875972556,0.6759028428643601,1.1369940457439267,0.6351370327783707,0.6305439133223242
0.6511383728230874,0.6778307296228919,0.9709133050711839,0.6419885539778672,0.6121619407173006
0.6681990772523344,0.6971624254103596,1.1178217892231852,0.6422751172560953,0.6290558841589022
0.6782611770470365,0.6902695965832865,1.1739440298228905,0.6674240644033572,0.6518613925591519
0.6635233555890152,0.6756641354922901,1.0247603694913232,0.6568621932734287,0.68155548651494
0.6197909704654186,0.6454140774782843,1.0055189316832966,0.6043218065140697,0.6127435064907611
0.6194650629257891,0.6465905649900036,1.0025363780774965,0.5914267976544104,0.6852269923920329
0.6695221593334337,0.6950149499881069,1.0240520136011046,0.6386416293725095,0.5989339818398721
0.6259401488002118,0.6355607432316027,0.8817227451196415,0.6162316589489051,0.663139933216742
0.6041621651905863,0.6308569294531533,0.9547163561346727,0.5872826633080318,0.6235303005351494
0.6291682582774436,0.6502969711924249,1.0459299080771738,0.5966902682513033,0.5748725379256517
0.6055029647958068,0.612893735141234,0.9186418807119185,0.5842088151674469,0.6693750107668899
0.6148741101569186,0.6202383280792529,0.9148043083094597,0.5935701956977488,0.688572327135564
0.6600015147286409,0.6649441128240972,1.001486557156444,0.6478237333954173,0.6066439047493319
0.6558248555308938,0.6874425975277224,1.0634800961556485,0.6348598410112821,0.6225178662998774
0.6318631859296834,0.6506734505427093,0.952984315102034,0.6161866977084179,0.5945325605932646
0.6281518849498732,0.6459735496461262,0.9481252681658191,0.6057248378154955,0.5579211025999774
0.6259808159087892,0.6509491870601387,1.0420902881383767,0.608670300181323,0.689261725678719
0.6115415150127901,0.6557910957510531,1.1094716632763535,0.5875750415988774,0.664024114032887
0.6522625142107872,0.6801781446551778,1.009115215180535,0.6529948746147878,0.6839553751187776
0.648957356917454,0.6729700303144588,1.0115931245698357,0.6388424903535013,0.6372351415101897
0.6393512077436326,0.6798409776920692,1.0618570404658807,0.6128404113326914,0.614176438989804
0.6680002543916516,0.6816042938975327,1.0700944007570854,0.6572771727272474,0.6141105375375544
0.5975728757870005,0.6088183771617839,0.9460447018042792,0.5786783360008381,0.568392839583688
0.585483359006464,0.6039496527352389,0.9170878463802571,0.5703409409377004,0.619836717031113
0.6240681812086277,0.640859632392953,0.9073642137833733,0.6045829773615694,0.6358733002177344
0.6124038819645491,0.6173198911368541,0.925504213676788,0.6044520494836486,0.6221714061218527
0.6415357670256981,0.677494352856482,1.1232432808932487,0.6310099009308957,0.6446939890227108
0.6590399086971926,0.6933327909008132,1.084373992438469,0.6371774304455343,0.5704591892462753
0.6593214863297797,0.699410903549816,1.147927685257435,0.6309222733909187,0.6686583260346475
0.6264089544375421,0.6471387579949052,0.9951069179623734,0.6119589065724843,0.6183357313877211
0.6548903770765462,0.6820753009273621,1.034618852345603,0.6429934078526676,0.7025208348207145
0.6383703066070777,0.6477439177689598,1.0172129700219505,0.6109032169220129,0.594747144775378
0.6532117249361258,0.6659255081588202,1.024297545097786,0.6356497100515537,0.6293220304263327
0.5869599892403681,0.593462471782491,0.850063140074967,0.5749411864172673,0.6064468027043602
0.635514209141923,0.6582630382970647,0.95625846371474,0.6254679153492468,0.5956529577035912
0.6208643062745295,0.6438721266022963,1.0175978919103552,0.604151207133652,0.5825534571937494
0.6078183801763225,0.6251873353616656,0.8551574825629232,0.5992146883442803,0.6947006100966104
0.6471708639551178,0.666814372632161,0.946607684799143,0.6458285747267475,0.5904325124568495
0.6647955681905664,0.710271553995717,1.1579118021600965,0.6432214879321014,0.695497104268276
0.6135482460316981,0.6252022264750103,1.0145621795443514,0.5973740550234339,0.5885565107117285
0.6570441009229697,0.6597589565074029,1.058948173268662,0.6245234978284542,0.5957361981531111
0.6730092165289816,0.6833912263339761,0.9410446077121666,0.6566440282881034,0.7023248868059178
0.6601340330376563,0.690346173522513,1.080212148662833,0.6288064875425737,0.6335394064203201
0.6713917223642706,0.7068867892194223,1.1706327688472298,0.6575954605805286,0.6426116006986878
0.6440860164808881,0.6644254349326919,1.033697576582905,0.6293920839349185,0.6929682731073686
0.639595326064696,0.6915385049362275,0.9907518407664844,0.6248638393912556,0.6587995190335973
0.635849854979194,0.6470433178880102,0.9242005395653519,0.6138107308576171,0.6502703871201708
0.6715009263686963,0.6990411417003698,1.1545867179684919,0.6467832145841256,0.6040393996066393
0.6187431064481324,0.6292000164101901,0.9365849350499476,0.5979115647212705,0.5432499368199418
0.626327858056456,0.6417917940306954,1.073428807264904,0.6015791377141508,0.6062800183554151
0.6516519048875103,0.6834647550682263,1.0470006407631942,0.6154843220940814,0.5764622860180668
0.6756347808430677,0.7003467255131858,1.1016710883109888,0.6509317853377531,0.6632559572426395
0.6291994460917255,0.6469085922156704,0.9965742533674323,0.6215096554100817,0.6050975565799299
0.6590959481542589,0.662965154006173,1.0900862273577614,0.6274105111183719,0.6551384897922862
0.6637732621156929,0.6631592412322449,1.025806505763989,0.6581576125088444,0.6115697316999956
0.6684644142374049,0.6959083789473962,1.147663558310699,0.6412694044990198,0.5966487909775575
0.6217877456967837,0.6383255273485071,0.9883171357975249,0.584675849093613,0.5731106051992755
0.6285730182796189,0.6375682892890265,0.9652427473042727,0.6105745892063966,0.6417036598643177
0.6773596277974905,0.7137285776841247,1.1289688507650402,0.6648101396387758,0.6535691513037621
0.6228535139949622,0.6552241919940838,1.023801788048921,0.5841601327022041,0.611978256060572
0.6218198448807113,0.6290289688658111,0.8755967971722054,0.6137512334514152,0.6672086395378275
0.6065173124480848,0.6161486419875558,0.8770439431840932,0.5921037539346446,0.7301280083592386
0.6525855532704381,0.6733973092479943,1.0684466360600022,0.6318580810382914,0.5705726697094617
0.6465278880738221,0.6678650301496052,1.019698044984608,0.626428274701673,0.6343846745442642
0.5828018485038947,0.5972988687674944,0.8513666806855352,0.564994052184672,0.613318187678149
0.6159651284949023,0.6310461890717814,0.9423018088593805,0.5940364010620479,0.6108208955856185
0.6225566529854614,0.6361905213844226,0.9050186790845229,0.6011073093157209,0.5917557857664744
0.6289504594846741,0.6379658126021704,1.0561293312252444,0.5994441809936887,0.6576233658647265
0.5677140212817974,0.5847461203807814,0.8018572309831821,0.5518576546007817,0.6226469755583698
0.6003177209086393,0.6177687248645397,0.8844690106827949,0.5844156729176405,0.6206071085597775
0.6262799409288394,0.6357877066955732,0.9856418589838266,0.6101098039228326,0.6587686929148606
0.6399645839367992,0.6500254746084749,1.0766740856572579,0.6144294502245734,0.6113009905120056
0.6191495065928733,0.6360622288871217,1.003174076013766,0.6028561317912945,0.6437883604864861
0.6405248686137001,0.6700803147939046,1.130703022529655,0.6174886639126481,0.723645156098513
0.6701765913272903,0.6992662781356787,1.1533834247689683,0.6467835274777709,0.6144199763289508
0.6716858371313138,0.7032685990024224,1.0847547759972334,0.6498988040709516,0.6142217970592864
0.651748145345416,0.7028391892649707,1.0645295306917713,0.6353972419089015,0.6021373431197916
0.5912556177643538,0.602283632931615,0.797754564662035,0.5816821561384327,0.6243618971500282
0.6654406364845913,0.688418995638181,1.0804754757312443,0.6440799333004164,0.6520785960217759
0.6740246445374353,0.7099710275153358,1.1353966289022104,0.6540458143329745,0.703990337444557
0.6190247071088906,0.6272178582047965,0.9811155575581729,0.5932332988563211,0.6144667839787615
0.6475648073600896,0.6761404453793803,0.9862182622995631,0.623272241408115,0.6185549309728179
0.6821505116242477,0.7080741090014746,1.1174250183852592,0.6622999779438168,0.6379426084367359
0.6680748938045616,0.6896667055198734,1.0589200518240172,0.6398001788215056,0.6142880026807298
0.6256551756968496,0.6314118342743456,0.9944642481078572,0.611434123380227,0.6059946270317589
0.6306087545521065,0.6475966947302488,0.9792274448398782,0.6171854254457599,0.5881905893967064
0.6340739159545673,0.6666477997711368,0.9917376995699835,0.6086194793069698,0.7072053431864154
0.5933480242213149,0.605050772061337,0.8537458039845105,0.5717498245102168,0.5938532592122697
0.6782073052993483,0.7101940330599616,1.1434835020480423,0.6510214511829291,0.6012409977637189
0.6108571211609463,0.6155409926408452,1.0658761165586168,0.560499883530475,0.6190817095352517
0.6043581709529442,0.6445028157156281,1.0559999740679462,0.5818509843080113,0.5532417487307586
0.6664344098569956,0.7082514698673843,1.2107353239012686,0.6122415031287685,0.5994480172840103
0.6157335805478432,0.6275102132062724,0.8393118626547569,0.6180151582242277,0.6423710036798042
0.631528136761984,0.6621446118734513,1.0097186303060024,0.6224778892492779,0.6528677693345415
0.62926524855039,0.648257933994768,1.0537070727841409,0.6102058067953979,0.634273195487197
0.605087796536934,0.6248505924494122,1.0197041758013183,0.5803605843312557,0.5994917201826118
0.6148861217901549,0.6489243642193465,1.1344185908572653,0.5889635507191533,0.5802253309299245
0.620880766600205,0.6327605215177894,0.9731230963272046,0.60320981823616,0.6316642799773886
0.5779069471841282,0.5892276570938199,0.785459731006921,0.5726944032297722,0.5856987290786786
0.6127366937136234,0.6297216558869754,0.9732466124197119,0.585510511579098,0.6122462167115419
0.6150474776323672,0.629760119226194,0.9163995496796168,0.6046446245064637,0.5272509824976019
0.6405098165459374,0.6523245278446105,1.1183298271414772,0.598796817002509,0.6075307221086353
0.6556490147745546,0.684325553621451,1.0493844661790968,0.6225902817398989,0.6242697717729954
0.6667745492337747,0.6925848497177451,1.002516014614222,0.6537994110034999,0.6644375480208037
0.6374244710844571,0.6673853984479613,1.0024539195284592,0.6288904611967304,0.6612062972467639
0.6131454733285208,0.6362583820858806,0.9927631026717038,0.587569746322037,0.6226604048549872
0.65781853984732,0.6734480673703898,1.1047425900600345,0.6417972530570863,0.631195938545482
0.5939664517413716,0.6139551345618068,0.8499481879058759,0.577935000434624,0.547806819077395
0.6436743674292287,0.6593702576940959,1.0052979644554076,0.6218079804478962,0.6753714356790983
0.6367112095588975,0.6537572684096383,1.0812341972387824,0.6130986131869568,0.6282053309135743
0.6147343739651588,0.6445264706783923,0.8958428132220709,0.6111549723335022,0.6578995750995639
0.6071341939605432,0.6235955348435482,0.9453099137178107,0.579983378979221,0.64675604258674
0.6351672705344107,0.655869235940459,0.9954858099260022,0.6161860462147077,0.6220734678226151
0.6561004357307387,0.6761820315071578,1.139616200417551,0.6303604351190739,0.5997295448494664
0.6381457814226632,0.6470819754142378,1.1184651268016017,0.620858714450029,0.6281281621972004
0.6374605824831165,0.6718785548221435,1.1057045003038637,0.6140047794739283,0.6117769463926086
0.6328800608079284,0.6741392946021187,1.0869807146145056,0.6267027053052183,0.6901628656249466
0.6436370106521262,0.6653784367522743,1.0187822827492714,0.6191928117974975,0.5927514816207569
0.6278622464292146,0.6508178717164314,1.0137510728462185,0.6189534806518474,0.6455852070083123
0.6271562721338163,0.6311606040813126,0.9412356612618552,0.6088830941098476,0.5633100704409415
0.587707974161424,0.604023249011036,0.9107267790798139,0.5667195123698434,0.5631817502077053
0.6481387585883265,0.6628052780650602,1.0245225200956896,0.6296211904305256,0.6436377840501131
0.6718612323457162,0.6988854708258233,1.147323780569827,0.6465887078262139,0.5779499064933887
0.6429023459858779,0.6616735045913457,0.9781555177576559,0.6261392354239778,0.6700485896217615
0.6546177802075543,0.6718855070114762,1.192849570261002,0.6111688836828961,0.7373082517033278
0.6381167488798305,0.6551839949687055,0.9931806660416964,0.6193355132518044,0.6191209394059202
0.6184162352814878,0.6462325421198302,0.9834187722469513,0.5990889283567243,0.5972603217307163
0.6314178018937691,0.6530217129533513,1.012805163167946,0.6248315186265305,0.5961825723457904
0.6419682092472591,0.66076195732835,1.1201615676711705,0.6085858097186111,0.6691393782697656
0.6492759627418213,0.6668275700469838,0.964132971888208,0.6357646626978449,0.5886646361123236
0.5873289706587632,0.599239945625698,0.7928414258483513,0.572539457282458,0.6000272113236863
0.6736144681910657,0.6944768707386967,1.0744410508974278,0.6662495665224709,0.6298484661319251
0.6468701360653325,0.6762009771081247,1.025037485425484,0.632814424858997,0.6619522305077733
0.6070120933454214,0.6218691414112963,0.9322123045328604,0.6012702989034654,0.6212357308489725
0.6478146808822497,0.6405312090720253,1.0623031734256645,0.6147007640092658,0.6866083344869618
0.6630592094241611,0.6862738554808469,1.1612473541714015,0.628829861649148,0.6872641282626498
0.5886796076723747,0.6020711249825549,0.9081224494684254,0.5662032853052409,0.6421514187125686
0.6210735056476218,0.6377183257108239,1.0008338088640236,0.6137658595228974,0.6741734064228136
0.658502865360023,0.6802519587653347,1.02529371022211,0.6451780549848908,0.657969600261331
0.6842082462550122,0.7015338316519276,1.1632786808931055,0.6474833558548861,0.7007430952167939
0.6207157806773638,0.6339062185945747,0.9147523838447735,0.605578342748831,0.6462764576397745
0.6503521884036672,0.6865511000941873,1.013443972583919,0.6347726262369044,0.6957072644308616
0.633587681276222,0.6532850645093995,0.9290361604981543,0.6170964296426487,0.5941551240567271
0.6294002072066066,0.6495133637581235,1.0296094237521856,0.6085669939693689,0.6976065593818609
0.662196142768909,0.6785483284900345,1.0686254898891976,0.6381336114515924,0.6288095339623041
0.6663022509155645,0.6850361967945784,1.0616470659411161,0.6468743326834183,0.5563181063448585
0.6143817434989525,0.6384633540801543,1.0740868449320677,0.5918831046489563,0.6172024331506022
0.63065739415136,0.6510771646069966,0.9997945070119814,0.5987863624399725,0.6412456457815077
0.6315713737320393,0.6395228299380574,1.008212991987751,0.6100042709053112,0.6681274072452854
0.6198149384617879,0.6485436981223589,0.9175095323951059,0.6026385380005155,0.6003698573791144
0.628936856170621,0.6259260562051203,0.9838579280780162,0.6095343116127045,0.6406116717051177
0.6281549726869595,0.6574466147734153,1.1998266449653172,0.5897167206844129,0.5861927883229028
0.6263475754535041,0.6503986660611584,0.9660949596472305,0.6072540988979941,0.5628501082793215
0.6334186479062494,0.6418931256944893,0.9360380047074204,0.6220530673048532,0.6257518326690013
0.6094972838008234,0.645333417221125,0.9737359677250549,0.5946128387478898,0.6553456052176448
0.61548965412257,0.63619123889393,1.0520507606659,0.6053488041794809,0.5988156461993355
0.6122755854922333,0.654332492507625,1.0083073831173088,0.585038317338654,0.6231806566474423
0.5997385778993535,0.6195698424202306,0.8117585863247041,0.6001567724910465,0.5836965288612795
0.6108069989575083,0.6184743410344583,0.8958689132477021,0.5907853412826268,0.5980764011974168
0.6454621907478382,0.6631171235574249,1.0619451387735577,0.6216137521648504,0.5740037513933428
0.6572761425004908,0.7269582745805104,1.1812686841967683,0.6374012163782264,0.6194832034149919
0.6458546653033342,0.6778626703577154,1.1463713127459831,0.6181327800640349,0.6340651667034494
0.6101471254343637,0.6347230949836912,0.9498618717846664,0.5869182573450645,0.622020468662794
0.6357198219602985,0.6462840208143247,1.0624217240216458,0.5987501061307775,0.67439412072255
0.6161272143424675,0.6555036934679969,1.0458029204875108,0.6003208353887893,0.6199706807648965
0.6212192252420529,0.6552106031128736,1.0653116365171513,0.5830206933284717,0.6724747270882624
0.6758356619014981,0.7070285256592194,1.1212333453462882,0.6524918961944474,0.6202010542046679
0.6245888864330708,0.6391361654949602,1.0528517867492693,0.5978741470358108,0.721977889444169
0.6082405246974564,0.6330248850942218,0.9572876102074891,0.5814440823939703,0.6633946145842142
