Error_cv_ridge,Error_cv_ridge_c,Error_cv_ridge_c_r,Error_cv_ridge_c_s,Error_te_ridge
0.8112406835971581,0.8191443834964435,1.2199165159581615,0.8390794366543214,0.9341459640005286
0.7618566605128401,0.7609657861515966,1.048679381070485,0.77425241581652,0.7617937604521783
0.7925893515648212,0.7977204883358682,1.0845603038981657,0.8048232528851271,0.7999909088602125
0.7677940678218282,0.7648599003110803,1.046519474431333,0.7809781591746492,0.6942369552036178
0.7270609261810177,0.725110976322972,0.9647109382898219,0.7368844216887762,0.6579087380938211
0.7217081432097806,0.7303130049126089,0.9316305005672239,0.7362119675958955,0.7006040485479716
0.7911599064550042,0.7907188309634204,1.053037060845214,0.7991274951920962,0.7699725264385259
0.8427666269474299,0.8441136902010138,1.1877161850465465,0.8639552817833867,0.7576185071729442
0.6981854778494624,0.6941486718559157,0.9146583537129165,0.7008731130974474,0.677445050458947
0.7564933247941292,0.7593611985466404,1.077172053339354,0.7651666518124038,0.7178751162355148
0.8631035952873306,0.8754673949382948,1.302256121657921,0.8862642378189202,0.786237089570678
0.7263731264539683,0.7284323065331535,0.9818149904728917,0.7470418040616982,0.7886923248368936
0.7772976016364903,0.7818922889088868,1.0832564087639898,0.7858981969266792,0.843221404179523
0.7854651539573699,0.789514108859985,1.0513946255275388,0.7867412636912835,0.8343428125448072
0.8569824812291575,0.8465616687938355,1.3643844442252813,0.8730948805326266,0.7642697596901625
0.8481038099096853,0.8402194750371815,1.2250115098595074,0.8618323395278092,0.8038046212976284
0.7195802457832743,0.7045687892164909,1.0002907680172428,0.7412514057898005,0.760358093270656
0.798423109624786,0.7858600414347257,1.1949434974032096,0.8234029352354266,0.8337853900006249
0.7689012951913045,0.7665697545077462,1.0558682954019667,0.792741474389166,0.7057520649072373
0.8303084387905301,0.8288045098846258,1.190570283568876,0.8555882886810459,0.8349272721986628
0.7824705030515741,0.7870353297890892,1.1035139111213428,0.7990716922973263,0.7764985691949915
0.7130089296125062,0.714092310156266,0.9560111476607565,0.7363385942273506,0.8035249181959386
0.8231883559090759,0.8157534370214167,1.18334132330093,0.8274675872953737,0.786900232678684
0.7199266078911761,0.7149678345282853,0.9561130829678886,0.7262568696825451,0.7195594462452927
0.7692403580174088,0.7681763713299274,1.094184921964775,0.7855671366720351,0.7055976557170699
0.7078407671210412,0.7036549149926423,0.895972801839782,0.7192807182370738,0.7261894354515358
0.858208370857192,0.8514146704740658,1.246202604349154,0.8859767056451856,0.822884767737577
0.8204888044504403,0.818418179347456,1.2052111800114522,0.8490673010574189,0.7867929664801558
0.7141500534274727,0.7090354698599197,0.8926465182708407,0.7257384165985734,0.7840974265846078
0.7598979691836332,0.7510411948967162,1.0556595859422717,0.7784237523175239,0.7533809678308451
0.7897020338829751,0.8010825515994077,1.0618531297159497,0.8107927456699376,0.7954546954088733
0.7947726265262577,0.7917978852398927,1.1041088279423579,0.8107196595631726,0.6891157878177055
0.775029414657859,0.7779295989436869,1.052159657263351,0.7972177039360312,0.6933699644287076
0.8406568071268041,0.8509663086194206,1.2348846962248843,0.8533050513594675,0.8024183006542129
0.8007641844709383,0.8225703312382175,1.195480727268775,0.8263530944160731,0.9274255584597085
0.8400915685096045,0.8482953828780654,1.2236958148095236,0.8536812757781306,0.7785049996064701
0.7814075228701091,0.76962979048017,1.0605023047788853,0.7933755047936301,0.8573052094357397
0.8435174500418999,0.85518379552217,1.2905785449134717,0.8710484167397626,0.7994461669367801
0.7792976764625954,0.7794167281447189,1.051081616353432,0.7870789440957913,0.8357622239184535
0.7872692887920987,0.7946509757782882,1.1042310352846825,0.8162939515399332,0.7482088471419021
0.875690526914313,0.8780377123995854,1.2765170151965823,0.8952630582731599,0.7637236189085546
0.7610802438549356,0.7527773143296659,1.0055607928787929,0.7694333769710222,0.7540695016267075
0.7961580231095755,0.7873994522306569,1.142794076528022,0.8076026162163139,0.8450330377746403
0.7382031821862223,0.7350421271414127,0.9766099350915862,0.7587389444389938,0.7347302058957194
0.7294075050224659,0.7250744348580763,1.0276169146231733,0.7482276219118361,0.8192418975594079
0.6555861708018534,0.6561307120106187,0.7871262681774254,0.6627237789861572,0.6792249055072054
0.7171412731093412,0.7145745781375323,0.9458013818236575,0.7325172315736572,0.8744122853870296
0.7665933722464955,0.7789755914469547,1.0347213087960037,0.7833731292886141,0.7281090481625746
0.802040573144425,0.806728663031088,1.1065953970640816,0.826800002769377,0.8311603368451049
0.7461376281320905,0.7540497999295338,1.0293241640966748,0.7601042096410008,0.8580460040256106
0.7736089302549981,0.7809748143337906,1.063091113041693,0.7673150643058407,0.840105110781311
0.7979312705698572,0.8096227850198884,1.1473287717010465,0.8045024390272263,0.8565854131383202
0.7346455376797775,0.7476987699409426,1.0035797571266492,0.7463800360385925,0.7214683032329111
0.8298079418334771,0.8213942975132352,1.1975977563922338,0.8281022886852228,0.7966618551485295
0.8123957374597168,0.8307556999018637,1.2005786376176302,0.8340224906320042,0.7445863212628039
0.8135379350517402,0.8082709032615989,1.1118370899507957,0.8232331295093263,0.7940899920255029
0.7981978085439314,0.8133105900420727,1.1777760765786252,0.8199198357109851,0.7598088575818507
0.7805468087765465,0.779291182059514,1.0932307626779134,0.7991172580445242,0.7733662698083894
0.8390075541738685,0.8604522813414656,1.2764107850302988,0.8517932823802886,0.9674491485404031
0.7226875967216304,0.716316792026003,1.0074436453973865,0.7387142170678245,0.7016444020701926
0.8118741681014233,0.8134610930603484,1.1303780535491281,0.8276131722523575,0.7579461617720531
0.7179004205552207,0.727246796318779,0.9126863351423014,0.7265325420929617,0.837739208635563
0.7905025000250253,0.7924778400776903,1.145950314429423,0.8142525525543075,0.8508498053309123
0.7569197387335498,0.758338621747437,1.0383011027098938,0.7785601028169995,0.7748864728281636
0.8365695504571116,0.8426405464607651,1.2496166197435032,0.8477149530253942,0.8878666948899046
0.7636589415328772,0.7665816299016657,1.0774595980832569,0.7767717889706585,0.8415425698853006
0.8728426712156008,0.8712879183651538,1.3837502471461227,0.8958333211036513,0.8074617064030244
0.8580515605986346,0.8568868741012315,1.2885705324897558,0.8863622108996049,0.8659889489819342
0.8350270100347876,0.8344499780569394,1.128480367259605,0.8581093364712318,0.8116682066781035
0.6782819663182214,0.6800333322266744,0.8378941152960437,0.6898230349358889,0.6843675455518168
0.829758682636271,0.851167485879993,1.2270383142374608,0.8729019120236216,0.8060124995931987
0.7409413165277883,0.7439744364080543,0.989671522841234,0.7479265138249802,0.726276129631929
0.7793592745767898,0.7779474025785479,1.0864741571119092,0.7948703997705661,0.8301443433929389
0.8482648835672293,0.8570368947463265,1.2111073326671502,0.8741111490172004,0.7916586626406815
0.69717603319144,0.7035836631086733,0.8740590726623443,0.7068496594414218,0.7066367635380246
0.7521599637114017,0.7539699145435942,0.9824364277192926,0.767913020580384,0.6979254416735836
0.662257905668292,0.6702033732909739,0.8629151508305234,0.6735423806804997,0.6399684849576459
0.8132435332253369,0.812245763739952,1.1734029810459343,0.8208246117736364,0.7827508704116682
0.8171070355811313,0.8131681516371626,1.1195881708958932,0.8199925116603756,0.7987516342323835
0.8513542636476975,0.8543979970113996,1.2647367192250636,0.9001924160525042,0.7911401492040405
0.8299358471970566,0.8275361541810604,1.2184399198553846,0.8524209573675876,0.8244047716736672
0.8250805890373741,0.8262052907540854,1.2105036907182596,0.8532152439959281,0.7614425001817909
0.7441798337938632,0.7490393948458676,1.024937104323895,0.752967549140132,0.7524100151943491
0.8081676882487205,0.8184984057766895,1.130578862655967,0.828450195190298,0.822197784467964
0.7545993167993679,0.7638793826941901,1.0527056455405148,0.7674593792415438,0.8806864564506696
0.7400196242604856,0.7392100080463212,0.9640818687864067,0.7475762318425755,0.735567188877206
0.8174352541469663,0.7981265744992576,1.2230360021156914,0.8247049018468016,0.871220705738553
0.764704665792777,0.762539793277559,1.1200647654402909,0.7719443365332868,0.7365887799125852
0.7587896150762907,0.7653483275032213,1.0615968667241034,0.7680557654631872,0.8150815637613712
0.8477745637241445,0.8414719810986293,1.2859322000222448,0.8616506578651641,0.7878255566073201
0.7674408814801851,0.7610705174211915,1.0750099843395509,0.7984784175771568,0.8607102903722752
0.7835737298329313,0.7724854971858661,1.1258040760821586,0.7957568683312188,0.7958660042270305
0.6916326789347964,0.6885082477945503,0.9027876124379316,0.7007914133922004,0.7371755477107321
0.8216045300535799,0.8173797399468588,1.1576389198667763,0.8399443951010812,0.8481353119184868
0.6405355468710319,0.6387070445635201,0.8001133102859879,0.6466633816585238,0.5860759900525444
0.6804981895015254,0.6923537261242014,0.8721676082815965,0.6904106004115804,0.6799834362202221
0.7998122717864121,0.80257537777182,1.1311578344326683,0.8075878885969733,0.7879791587478198
0.7935433960376329,0.8070249817873235,1.081136429812184,0.8092368152674368,0.7245788487350501
0.9273628572563503,0.9461841210278331,1.4533355167398279,0.9402463655401759,0.9019388329788501
0.7720570137066833,0.7717494084921073,1.0428217982909553,0.7879383349846469,0.8284863116269611
0.7363410901409269,0.739885660495174,0.9557917500776195,0.7556354027163403,0.7811538856090074
0.8441623397874987,0.8552752562136798,1.177246087328944,0.8560489803874383,0.7425059329675041
0.7654997793013234,0.775510026291939,1.0476028318976758,0.78150141211093,0.7532356322238004
0.8699209727530324,0.8642663518723785,1.295491280926003,0.8954489456797723,0.8124391275066627
0.747313861094096,0.7430155543645641,0.9761225646479883,0.7584485226767425,0.7671777322765966
0.8252510992988569,0.8301179481515839,1.2599121450256967,0.8621611364020922,0.7779081720163702
0.6954618628782185,0.6896998253468773,0.8207935489620518,0.6998344813229539,0.6714289910254947
0.7985325959399053,0.7943940505695889,1.1176927743141087,0.8042618178443658,0.783965218848629
0.7489077551358131,0.7507005370313465,1.0012125418724196,0.7582631218077885,0.844844204289355
0.8516889098217377,0.8541089872161036,1.224018741559752,0.8738673753638404,0.763468682020237
0.7415628297565919,0.7333007044716782,0.9788464709076403,0.7527624038282315,0.8013731685133113
0.7611672149154797,0.770953138781944,1.0791664123268312,0.7813306909583132,0.7068291170592588
0.7536993205431805,0.7562866167829086,1.0227406144679305,0.7687778763882117,0.9044278330161574
0.7792223886057145,0.7908288809495717,1.1664102984446911,0.7946944348053288,0.7614113159989674
0.8384819067750527,0.834751261936647,1.301900401607205,0.8788647580184291,0.780249012815672
0.7819019689431361,0.7806920576247132,1.068349080603865,0.7927942339660567,0.7578783624460602
0.7344741494108181,0.7325696747313958,0.9809391204411934,0.7463624479965757,0.7508265053586054
0.7688494526808142,0.7681191310314671,1.0595904284066417,0.7803364364220352,0.8600340037824137
0.7821305155658195,0.7915560491508636,1.111235870916826,0.7940699345594225,0.7479050331395317
0.7266269957533217,0.7289997544373318,0.9501217394454138,0.7331206757706833,0.7237978028489902
0.8663022184582798,0.8680487643536305,1.2535910363453988,0.892816815118709,0.8363025007387108
0.7131913337625287,0.71708286715677,0.9734959825958743,0.7202717730806393,0.6457716863593145
0.7302555037262427,0.7281814739011986,0.9435030334320289,0.7373905284623486,0.698105509972062
0.8136396795932687,0.8037447601366755,1.2161459204579215,0.8260472334570418,0.8228576086307043
0.7553250924352449,0.7523399894425343,1.0008980181023879,0.765841570650626,0.7825602179403888
0.8246936967851357,0.8262466032716236,1.2408639260271674,0.8430735478681703,0.7263948075918787
0.8282970616944852,0.8409766249389509,1.2305661119909597,0.8584086943932167,0.7731329284685223
0.7959915542968332,0.8038920647313674,1.13038457728029,0.8065721792122604,0.8088530355124451
0.8203865699128201,0.8090837924642562,1.246353419465642,0.8526113899754986,0.7890816816786546
0.8043719612989394,0.7961465800561677,1.1707352362630497,0.8160332814622563,0.7869018185909321
0.7924389293041882,0.7957321530144466,1.1137538214423355,0.8166453654488639,0.7898192719263285
0.7589350133551702,0.7593443019479438,1.033210112140074,0.7752055219914706,0.802320656037238
0.8129582490498891,0.8241039509161759,1.2551625543405414,0.8421827956431777,0.876052054373961
0.7642679630957742,0.7578993794047807,1.1080567135984931,0.7737500945485479,0.901612936386122
0.7992760635016102,0.7984238160052054,1.1658135525870392,0.8237936981613913,0.7976550274254504
0.7731419491759519,0.7747758478454372,1.0852121041220462,0.7822496932399736,0.7807038814273597
0.7755175209182268,0.7729938074787199,1.1121509342282567,0.7841719119266028,0.7147254634478458
0.7032111049639084,0.697744665499577,0.9012087921266438,0.7174874198920677,0.7233696251937628
0.8360870834471791,0.8144848850431742,1.3200185435029277,0.8472943427635499,0.8707468802208422
0.7944059959433809,0.806072868013392,1.1690886853148246,0.7962992910720663,0.8618901756359875
0.8652322928054995,0.8780786266932806,1.3270606861279823,0.8879920107373395,0.8384752768428868
0.775561872485291,0.7723693759029914,1.0503812736962055,0.7936477710866824,0.7387644359766045
0.8099385644222921,0.8060447018738703,1.1477632035436367,0.823087515294104,0.7443844804316185
0.8233852231736657,0.8173808851041094,1.2103292326043178,0.8567718623744444,0.83583879202504
0.7915654803177403,0.787280517761535,1.14326511954207,0.790816911938538,0.7346807719289147
0.7903686870382933,0.7851201891957011,1.0917922557526338,0.798045087168805,0.7923169575493516
0.8058170005001989,0.8104725171348462,1.1359279873739547,0.8201048080414889,0.7792365119517548
0.7099695972709891,0.7124989262115363,0.9165596946840303,0.7240095849640454,0.7342103049165479
0.7586164328093805,0.7606541151711106,0.9950010097129091,0.764460775355658,0.7912258121962608
0.7920970598452107,0.7978618282250122,1.1526472155994023,0.8171950469889185,0.8430648584540755
0.8560155388896837,0.8588661812087377,1.2653670479223844,0.8704019868069581,0.7987229969800873
0.7455933739196121,0.758763302552067,1.0606122376166505,0.7502756525927425,0.8004086964275928
0.7921706137076421,0.798820009326731,1.2211072790776407,0.8118152115276693,0.7809688796745731
0.776103001089025,0.7801039404678912,1.166011844051392,0.8007104456569897,0.8772123372734386
0.7937408387864665,0.7892509658504318,1.1209840351257592,0.8006543512422196,0.8089504992166286
0.7730851019988573,0.7693226456794134,0.9930164080064563,0.7934396946199805,0.7578569445677219
0.7447774050887661,0.7457371678337605,1.025484095066486,0.7616244352797865,0.7364211795912587
0.786967221527488,0.7842580675601877,1.094967506308616,0.7972150665731327,0.8102646897585253
0.832749775494028,0.8109650225235333,1.1453155533555064,0.8548709699631919,0.7652209164719862
0.7935338040194193,0.7966964668049561,1.133740440126108,0.8074800935299791,0.722922432095266
0.824793732990835,0.8145220798311248,1.2234439494815799,0.8458820478764271,0.8277843684131221
0.7573974297766604,0.75644834058245,1.0201101964723773,0.7771697693114272,0.7914745592438136
0.8103727558000825,0.8028371368114212,1.1271092294677918,0.8258904673818764,0.7429854153679756
0.8217602486468458,0.8155022767609872,1.2068054505073986,0.8477464411926963,0.7490285226724731
0.6751253156427427,0.6702706334114552,0.8418843997743144,0.6794528556878155,0.6706117177685673
0.8374330590219887,0.828432901318785,1.2475827414747138,0.8515424245783227,0.8365377695376123
0.6966199455820005,0.696591365447706,0.8788348037663959,0.7000220365423432,0.7137078911037532
0.7898700693839491,0.7938522743512224,1.1527214656297107,0.8150563343400679,0.7888474697840139
0.7419811657696274,0.7378049946242002,0.9781727092299357,0.7508289664901964,0.7096218295829629
0.7600829781389585,0.7547508037830314,0.9973460078643269,0.7794057912304194,0.6625923416460879
0.7370968948808011,0.7406855652087697,1.0794026896867592,0.7531279728456167,0.8074235093828279
0.8136842469781328,0.8295555587305034,1.1467490049965394,0.8308275099568826,0.8640149557058454
0.7690567504025942,0.7710751231683985,1.0518127142138347,0.7750047061585437,0.7444911473581058
0.7709786078586254,0.7547980661766012,1.007182238136402,0.7828356486609971,0.7599172647824776
0.7627744201932498,0.7659434736265518,1.055502522100037,0.7776528572312074,0.7340499604460934
0.8406922996298647,0.8572891706543517,1.254632523578733,0.865794889576684,0.7386323453465954
0.8403454798610718,0.843625040216963,1.1950337264104611,0.8509951264381074,0.8762834721172756
0.7824590582036345,0.7789283510868122,1.0493688190358,0.7855140574952949,0.7281790850088777
0.7399247283466637,0.7319575647223937,0.9641891231248757,0.7524958742805736,0.6969154314079031
0.8153065597929128,0.8170980342922192,1.1490249177527607,0.8212350145920599,0.7856567735334552
0.7669739011053229,0.7747108645186547,1.0407182693821244,0.7863041752123763,0.7720113713286778
0.801687921734895,0.7975947715589758,1.1295027733522947,0.8130147305211154,0.7427171460000946
0.7627459811240451,0.7614925025454224,1.0830237798555644,0.7864591837638473,0.7690911880004652
0.7605682319553997,0.7539821264138513,1.0711310395372977,0.7803601977927768,0.7669766544982505
0.7073147401429718,0.7099270976700387,0.9242847311673482,0.7124583312535093,0.7456818592432773
0.762805261142861,0.7610344662005758,1.029937154237166,0.7759828128108271,0.7495445274290468
0.8284619344244547,0.8236135248216666,1.1550655217249162,0.8313359632857961,0.7540155226143778
0.8859320435079685,0.8898356823239773,1.4093639919496461,0.9051028412608708,0.7863735611468622
0.8175032418725005,0.8112279515677524,1.2032578631485409,0.834823776645414,0.734187632813103
0.7994646625242038,0.8094733110680511,1.123419878066569,0.8213120906060135,0.7828161319469014
0.7973670466981188,0.7904432893526124,1.1186479453037381,0.8140239832160877,0.7805809094200721
0.8219182094828579,0.8172699885888639,1.1136774581611748,0.8300158120977554,0.7993796029757111
0.7874118668020013,0.7914480652748671,1.0317092227811044,0.801075326424383,0.6792227015230717
0.8053401793050657,0.823181289271664,1.1746683596306537,0.8110680559431572,0.7963752459901416
0.8554263801721824,0.8479639130159351,1.2718728098556296,0.8787808770998378,0.795655993396661
0.8082686574468919,0.8020666338022854,1.1526995635357018,0.8263020700229858,0.8295374887637089
0.8437660727458165,0.8539401329974106,1.2555891776481436,0.8698351540717799,0.9371026337121207
0.8638538528943724,0.8561425761923773,1.297917567639709,0.8913402259064831,0.8046317131922702
0.8369236771245093,0.8194859887001688,1.1782827292989748,0.8561760260120798,0.7959196455397055
0.880279491523842,0.8815183331880815,1.3495299695418308,0.901425466229835,0.8887646647218632
0.870349437173543,0.8712997728280472,1.3363278147003188,0.8770280977065255,0.8033658931365172
0.8044031262160248,0.8141610803029126,1.1453283754783392,0.8194770210835217,0.7849021814932099
0.803163173148094,0.817943727464726,1.203272670644711,0.8100886816642555,0.8214411782628124
0.7881865738691071,0.7840732045596109,1.1078020865974345,0.8114850818463414,0.7504823475113047
0.8600968531386574,0.8633597192200028,1.2579859339051254,0.876756953092562,0.9266941116424373
0.7053895260260091,0.7028045847619198,0.8753353059126151,0.7155363156101494,0.7637806918358744
0.7758271156491567,0.7808095699375102,1.1051414134583208,0.7739368608427528,0.7808766003381626
0.7687348405496593,0.7639746215182649,1.1251207547387616,0.7937026694473389,0.7794264510179116
0.7612610564522321,0.770900241401126,1.0405947133453335,0.761987311833558,0.7222852022368509
0.8520071847093,0.8506786011471215,1.3204702383266607,0.8782975651351752,0.8379885586629303
0.7771147177731214,0.7635081638051658,1.1361494915471084,0.7943446457157776,0.8057238083893397
0.8535370321138733,0.8499430864850035,1.244831292006835,0.8698709176001971,0.7973786537549813
0.7888362378140611,0.7848376155742246,1.0852518692814055,0.8094253403483257,0.8160735080868807
0.7947246152241214,0.787636698842981,1.1231631929726313,0.8104151471053811,0.6708245874266489
0.8836929894205287,0.88160494740406,1.2704201515219986,0.8906056940251835,0.7942000900008909
0.7624046339149304,0.7615489818276351,0.988720163130239,0.775416050365229,0.8399376736295359
0.7646550969174816,0.7616145249622538,1.078500955981947,0.7872992016649759,0.7823460578384606
0.7286926334529183,0.7280194726055128,0.9726754098317664,0.7407164449704361,0.776534871580607
0.8106570031295857,0.8184838176983096,1.1859433246250952,0.8110631330466451,0.8125096433286957
0.7373202684025802,0.7366864513644428,0.9774192001416766,0.7399618838193073,0.7112888002273414
0.8072302203969047,0.8243365506529895,1.262990467712223,0.8300955376599098,0.8185754070666009
0.8172515509931456,0.8298388697079518,1.1449536763264252,0.8349114149600415,0.7182263808904484
0.8081421922991026,0.809771063704587,1.217119533980467,0.836702920726236,0.7821094068381509
0.8035054144576981,0.7996727637749543,1.1154298093942896,0.8306661329919627,0.7155738058228853
0.8155842304561294,0.7966688525464145,1.1845031594039654,0.8352817018649257,0.8358730381377425
0.7932261078975014,0.8049348568297128,1.1522251025322063,0.8055598147299075,0.9296720545048935
0.7104419632445298,0.7031012742082268,0.9810214926145675,0.7111881356112184,0.7003339325479991
0.8021260457506157,0.7939411417519132,1.124648889872851,0.805686165115087,0.8074940776028161
0.8269287311582506,0.8376906940582448,1.2022523189388958,0.8511700167536475,0.8558148946676974
0.7353306251849941,0.724441447477188,0.9623911727913947,0.74526917111193,0.66174764228854
0.7952339769068478,0.7909516961146185,1.1214564178386426,0.8004896206617914,0.8347908193098897
0.7570785554417802,0.7382528309526953,1.0752841577122694,0.7628764525278097,0.7214793359986431
0.7420178045382744,0.7514831171704661,0.9376115749325955,0.7509556824028334,0.6874587686085711
0.7509519076839966,0.7505558263554144,1.001235996177229,0.7542549099069202,0.7065890317745744
0.7819833644739288,0.7880566367282363,1.1058481898250028,0.79414474092211,0.8297356231933096
0.8751500767024843,0.883978765172705,1.2721669146988983,0.886158898044277,0.8320678031087172
0.7744444447595049,0.7743605283533277,1.073995633284733,0.8001976266513431,0.7945499874819856
0.8573506303159134,0.8482000200425553,1.2943598953383741,0.8827950905285079,0.8383153704153938
0.7845175921132852,0.7922136064731642,1.0929120897667444,0.7951634181886957,0.8470229291366774
0.8877989708857741,0.9054383019123411,1.4256648978722644,0.9328179160347205,0.8278402883473728
0.7444447126300975,0.7404709831917622,1.001053588040618,0.7522837275324721,0.7452645238315638
0.7968148398098079,0.8036326811806768,1.1581412512472173,0.8083140465706379,0.7587162700691228
0.8526621618192952,0.8446286002309907,1.2082322276447273,0.8622941621329355,0.86528878196399
0.7864132384775206,0.794435740395764,1.0730987373163483,0.8025153845177089,0.7693948186547316
0.8016374270308401,0.8130926372723221,1.1851529166945247,0.8187221036752953,0.8322876028384566
0.7692412315812047,0.753005882830027,1.0949354087257321,0.7755844103863958,0.6725201911723012
0.7634470861739776,0.7624785213323003,1.0521846779872197,0.7683818935430945,0.8182648200290183
0.7855732767146262,0.7879549533850463,1.0839349478317204,0.814868119019128,0.7572919928151245
0.7610555645104525,0.756007295940701,1.0774791034783835,0.7644446693239454,0.7347215182166835
0.7926839368525744,0.8142457276096584,1.122873515647492,0.8105842257605997,0.7832266536934968
0.7187359411941475,0.715196299542349,0.9777133169720044,0.7327760349623261,0.6624924468348109
0.7110008671753333,0.711101413424719,0.9317325591017219,0.72226293140461,0.710551873439101
0.7374799020804063,0.734889934026376,0.9918023597141955,0.7484334234232571,0.7727808130846863
0.6772163749493876,0.6783213948453931,0.8569386108877727,0.6870496617183697,0.6311256912431902
0.8213825510970516,0.8187118150858481,1.1875177589626338,0.8408155757883105,0.7807988200640065
0.7167816117361743,0.7104604382219838,0.9104850274327196,0.7281201022231717,0.6708764660404948
0.8327275287830448,0.8413119544619497,1.259350544643603,0.8581394328239697,0.8411339236183704
0.7128020236399871,0.7178420756965352,0.9799682383121023,0.7146449215105818,0.766293670150661
0.7388339357561011,0.7240288877734578,1.0199368048925481,0.7455696519041881,0.765055199483377
0.7867110641547032,0.7957690005235322,1.0724934969282112,0.7974432667900463,0.6816761244021871
0.8142360698293568,0.8155283889201058,1.129176955052754,0.8291349792043524,0.8445092533745718
0.7681133687069616,0.7657739665926203,1.1081515583415817,0.7771675296459367,0.8559612590527635
0.8078458877244732,0.8189028067944473,1.1482741653953406,0.8240009823786991,0.8050410630384088
0.8169660645834147,0.8197130935521204,1.1095557202601118,0.8373429181639598,0.7725977188782657
0.7814082533215093,0.771827652083399,1.0726209794000172,0.799172150915148,0.7671962443493522
0.7604063235796468,0.7668672965575876,1.075730670349689,0.7775239955644351,0.7659753547799351
0.8070307125412355,0.8011231367258789,1.0684943163630893,0.8204763416127472,0.6111187969411307
0.8608514497511409,0.859195676481625,1.3227896003933224,0.8707176793204691,0.9302207259800648
0.8467795569857998,0.8451668639341942,1.268787760869738,0.8840670449541855,0.8806919403516152
0.7786985210698664,0.7669398883341975,1.1723841234235604,0.7986579668620862,0.8738722080293084
0.7966211809237522,0.8048288405724806,1.1649391574077286,0.7957779808151451,0.8452748122432965
0.7795110486107009,0.7819627089258259,1.1458089483842766,0.8121885295345177,0.7816455905484335
0.6978806993768375,0.6920060426161504,0.9362243123741699,0.7064964495047236,0.7645635576961776
0.8893274805451662,0.8872525200979006,1.3445360932122044,0.9050291736440489,0.9342164077535994
0.7704492901442848,0.7742690168904989,1.0519380898271062,0.7771852151046872,0.8411744805860322
0.7997240053056747,0.8157451723191529,1.1324498830928058,0.8186745933108346,0.7461337762518202
0.801237505598715,0.8087153869067175,1.0932227402742125,0.8155005501219977,0.8391242478690522
0.7961582284525194,0.8038968324273236,1.2025336906285604,0.8105219376919498,0.861947204602228
0.8476014508463263,0.8646027179726803,1.3133054898780554,0.87747250509565,0.824903420742138
0.7727930730476891,0.7752717715586537,1.0336406295433158,0.7814679536383771,0.7409062454589487
0.7976931782505293,0.7939707788640736,1.17084794492908,0.8317312500290682,0.7970926175912633
0.709559987984413,0.7188798456124175,0.9440789226003016,0.7097440842233829,0.7489182124604487
0.7525464745104129,0.7578340793713101,1.0113080202246785,0.7650949522397372,0.8429997058566808
0.8551750903252584,0.8694063455982568,1.28646648511694,0.88646983036397,0.8237117326512325
0.7721321595265928,0.7765246720036206,1.098173062338201,0.7782743539848306,0.7381168238845193
0.7854135087990345,0.7866026100339872,1.0475878392104665,0.805309559837133,0.7325282529400499
0.7173658076943014,0.723649193372773,0.9759008441446876,0.7220207644420739,0.6616466205332835
0.7298419756364465,0.7398535512134816,1.0040847550480367,0.7516366276681186,0.708578056928702
0.7964399728974593,0.7971852819586048,1.1378280475955762,0.815883652452207,0.8000500356109019
0.7852415365541818,0.7719346780160112,1.0876729050448546,0.8014214246960303,0.769515740817827
0.836185526008317,0.8317436477557344,1.2712398250320378,0.8698465812117085,0.8144026737545882
0.8046161601939832,0.7925609319411795,1.1717865162300969,0.8279779914789513,0.9320891425235004
0.7986359715731209,0.7980698046787712,1.0954307623597939,0.8228186399444147,0.7952638586531188
0.8172738111485731,0.8216057834579422,1.1866037834524026,0.8538319894453148,0.7488601854852222
0.758773824779168,0.7579110071630122,1.043613616293726,0.7789852733790321,0.7105496938360105
0.7203729227564296,0.7239337848853599,0.9587089828629505,0.7346306781902349,0.7235852188274455
0.8118427953074067,0.8040618107397862,1.1435419879489226,0.82855210967498,0.6979392847996172
0.6634791099306442,0.6655339569057486,0.7437791975656485,0.6669208927269913,0.6787334269373014
0.7838972953501269,0.7929663621542598,1.1046220530517497,0.8002824667574213,0.7128085881107543
0.7950119208120184,0.7722487976798492,1.161431022313249,0.8014068871395578,0.7209310149697006
0.7530306730292733,0.7441274318029261,0.9974096381286572,0.7660905104895033,0.6935612776317349
0.7545019373590173,0.7424576198429852,1.1094109788908102,0.7742329407613077,0.8570032776448583
0.7755437032510655,0.7863638522395242,1.0881396679883442,0.7958886729086949,0.7177953986017973
0.799599447554669,0.798134886630067,1.0716718094823987,0.8197834083324818,0.7441168654917949
0.7760113124420276,0.7705053182090011,1.1018958418415972,0.8038529806732531,0.7721863120968204
0.7096003936439061,0.7055078901878697,0.9160535380523283,0.7131470210247657,0.7228557902364018
0.8037072677764591,0.791050516512548,1.1385622393343158,0.8203617654165875,0.8233503855351951
0.7578383448901331,0.763166670804156,1.0214327128390637,0.778142934660399,0.8016330238983744
0.747221608456965,0.744115255395525,1.0122323431718439,0.7562866026389645,0.8657926267550023
0.7958920936991263,0.7898335593054868,1.2020751887764678,0.8293040725710938,0.7839304346434969
0.8042415868072399,0.8170460614082633,1.1751977931222888,0.8219805153449666,0.8236539907123321
0.8190171462787514,0.8289607875829546,1.1393144466303184,0.8251625942226453,0.8495770006686313
0.8047063997917598,0.81998943943699,1.10665440663813,0.8067540529129391,0.8261623420185193
0.792156826620799,0.7849357708996021,1.1307172830483483,0.8125803727284437,0.7773044924363612
0.7564871118761355,0.7531534091701629,0.9805214063691031,0.7739770315985143,0.7006544587482842
0.88321112427355,0.8658076920171068,1.262527668652143,0.8953310860210802,0.7804325570407823
0.8198076001114274,0.8357369988978036,1.2074116095592522,0.8279839905792699,0.7699598375473931
0.831818234405909,0.8496725105916824,1.250475066822712,0.8651706033440755,0.8482345463323441
0.8021517387673139,0.8053519629251805,1.1608736450160841,0.8365072823932093,0.8097579897749866
0.7830495532504723,0.7829888983443073,1.089554890032852,0.7995319818308618,0.73079376923966
0.7908839725253092,0.7894828492828141,1.0733075562912398,0.8036331995830857,0.8641283094916662
0.8248364270666013,0.8219454946312625,1.2138937648883714,0.8486999591832067,0.7971271076934325
0.7725008526292618,0.7736897836255701,1.0325985043587305,0.7834960012094407,0.8789736210573567
0.7813903308913174,0.7932747185825387,1.1077767323135177,0.7950168009529514,0.7409484735452012
0.7870223458023715,0.785193721194887,1.1562650639484748,0.8148793890673325,0.6640030363184447
0.7060769073377002,0.7079836737017895,0.9195992893230072,0.7171411949929158,0.689012639928645
0.695863121358648,0.6981620636668446,0.8409007700829245,0.7042232398059146,0.642281091389901
0.8319392053408212,0.8446190805537921,1.2630681053844786,0.8532493331878614,0.8602602869909683
0.6804652181924746,0.6822845737824577,0.8255557373130015,0.6889142044337134,0.7123828277832956
0.7982342470992877,0.8064479384218016,1.1192662184723274,0.8146666334112086,0.7947068168282501
0.7546486182439112,0.7530925804348256,1.015927090905582,0.7617721854579194,0.776831427678643
0.843524052691117,0.841538823512465,1.208554379168556,0.8692901978175622,0.8029866804860027
0.8056405896099361,0.8064906332310511,1.2073811250493391,0.8255257010718402,0.8432989826074373
0.7638487506517642,0.7655382392017973,1.1588515999461275,0.7724609674805323,0.8192017509569361
0.8432876351477748,0.8340736891305666,1.1977823374683858,0.8691385839924816,0.7787039032850637
0.7107987238075935,0.7187781601382435,0.9213701836866652,0.7152242160776467,0.7868774806842083
0.8146412713690555,0.8239728191456773,1.16410860869335,0.8389069934130685,0.8325958090253519
0.8198556599847909,0.8108522924774809,1.1641050460886455,0.8355376388981023,0.8893902301751178
0.7073383862792635,0.7065958612600163,0.9513323983222566,0.722891538699199,0.8027291962156788
0.7732423784781098,0.7852499754207188,1.0438221268621537,0.8034172638420568,0.690442351201772
0.8461965784364257,0.840683505141813,1.2424134308968369,0.8720457037014858,0.8284071662553159
0.7086215943372784,0.7143278273910871,0.9428877644250636,0.7302105046035228,0.7189436743190003
0.7670160994392946,0.7754922885758476,1.166691163109455,0.7951166793731447,0.7666762044247112
0.7803924948953769,0.7806818328229335,1.082769455641389,0.795825370837588,0.7573219131222492
0.6716313230598634,0.6745965628630934,0.8446625466731017,0.6778747251647432,0.7318855583345526
0.8774218462472273,0.8786579119665942,1.3000568211477948,0.8903170451193997,0.7983382882474939
0.7609682350662368,0.7692171008721034,1.0902988384793189,0.7755154708470882,0.8663296192111543
0.7343509464239879,0.7397828889974754,0.9976174570514329,0.7589080305353786,0.8007095988605418
0.7830260534539469,0.7815820790914275,1.05438916562475,0.7980557253072836,0.7079189163851526
0.7755412220304111,0.7729188690833989,1.081179445310371,0.7822339956836907,0.6737729965374964
0.7203313587589157,0.7135534072908309,0.9620155781256783,0.7242953803512293,0.6962917009091742
0.8519830257685117,0.8754633133529683,1.264729585531919,0.8865281866838444,0.7948091901425137
0.8018479556486395,0.7846944546186878,1.1608589295575678,0.8231256047589866,0.6339070220633084
0.774973496469652,0.7818990672011323,1.0545760373639257,0.7870847640586267,0.7012961942411775
0.7715267135763951,0.7817100799722082,1.1009786745323002,0.7981236779030964,0.7281257778267747
0.7823433283775937,0.7848782685429047,1.1077246093199915,0.8043378536072382,0.6981331507117245
0.7643210129533708,0.7633494306289788,1.083173895595186,0.7857353606606203,0.7870335307399942
0.778462838802041,0.7825984794149589,1.0245629689098323,0.7869902315659058,0.642028923263289
0.8268041476592936,0.826901783870746,1.2187370063281275,0.8567406079168454,0.8864698316441167
0.6755378557044038,0.66827159242674,0.84191071731408,0.6788234629223026,0.7593076629240187
0.8127887865685594,0.8212735304837452,1.189504197484728,0.8314422753762633,0.8287147558133356
0.7295800846131578,0.7348638635061754,0.9929886722003732,0.7455660167344783,0.6906030726055736
0.7752111574497585,0.7815497671821369,1.0206160223879217,0.7835347822503965,0.822231771626845
0.8217056307247954,0.8283701145571412,1.123674984584079,0.8449988150292713,0.7315459900726287
0.865388366677908,0.8658744542568041,1.2677681222047985,0.8923321416314703,0.8223263669240608
0.7425721276562013,0.7403823453081882,0.9905421878385301,0.7585220146436512,0.6957046181612783
0.7430498479389003,0.743829924870054,0.9472823925984146,0.756109511044313,0.7401957501862165
0.8110887597823638,0.8091236177536144,1.1248256777715757,0.819592017236472,0.7476521793548961
0.7795300860322298,0.7825860395289734,1.0642688051672167,0.7919078498248191,0.8504900952051827
0.7856664614147779,0.7856538159145607,1.1116057507946229,0.7922558024639492,0.8477961200804164
0.7669231098069944,0.764836098763265,1.0944167001043874,0.7899996194935086,0.7622317669609082
0.6595943490039303,0.6608383636090999,0.7726817385758619,0.6638498172942523,0.6859246154823155
0.7163481770803858,0.7227579600353714,0.9839164592164847,0.7357647425251433,0.7537141141377294
0.7017728961452857,0.7095371993713623,0.9702548567132446,0.7055799014912486,0.7699980715502275
0.8001227264966673,0.7952565622181111,1.0968695113491895,0.8078834580014658,0.836178854421683
0.7417255230325609,0.7271891081778469,1.0150261212517413,0.7561467131743514,0.7996040464519201
0.8006306477627914,0.8019228794718634,1.1223358353421524,0.8133507812333047,0.8252239584188655
0.8974007987444232,0.9064171484038219,1.3104597194604262,0.8996242822809029,0.8763552146423167
0.8232436487183019,0.8218518997465734,1.211365767282616,0.840149906664077,0.8346978335052915
0.8257327484079563,0.815931349098386,1.158581188315301,0.8363087581379535,0.76648698297956
0.8531277410595782,0.8410737092991333,1.3050433164587534,0.8810335583373371,0.9090545293644526
0.7805211549476705,0.7779351934933392,1.0451959324191094,0.7993566162687746,0.6553516245145005
0.8054401914409641,0.8103499027693573,1.0901839313086583,0.8217306368308581,0.8087727822124254
0.7420031772588876,0.7497803471240477,0.9964057629724477,0.7603896389243817,0.7169987930152212
0.8501552417789201,0.8565849988400539,1.2490903442102774,0.8563149938440106,0.8587538085380331
0.7764395665116439,0.7823989389520329,1.127348143499322,0.8050186291798942,0.8291036552347691
0.704333941468298,0.7108462353737918,0.9503326024373535,0.7117034845528724,0.7566380595722378
0.7698960184762731,0.7600738142343471,1.0845842079874286,0.7738978720593712,0.7272603393848184
0.8183152222785857,0.8225897089798129,1.148771268566973,0.8293708471109413,0.8899674399183676
0.7990298211484603,0.8001298289959902,1.1454098178448169,0.8071228360299265,0.8047546910654152
0.7678881804855145,0.7674868308543267,1.0394863631684652,0.7795734622608325,0.6648645057793663
0.811752429298834,0.8066534019799524,1.178201474175249,0.8104611439954562,0.8646817238779204
0.7735237029465999,0.7728462609179197,1.0452137256675766,0.7916448605433984,0.7959145346473834
0.847781808234891,0.8618262987989053,1.1886865426495468,0.8562643195454714,0.7947157585352338
0.7601423085873401,0.7595971539894376,1.068054673484804,0.7802717955760622,0.784854281350856
0.8045253553510608,0.8097546837067834,1.1117852034006366,0.8131024869930384,0.7197576788612687
0.7814153382878216,0.7719898221276223,1.0385329700703962,0.7896647149031816,0.7040374434570242
0.8031352503948127,0.8030716676373065,1.1547518407031547,0.8198477224464208,0.8540846967802332
0.8052618125518944,0.8007280318280854,1.1086895031945878,0.8213237454631401,0.9181912826373055
0.8368236829878455,0.8266283344255165,1.2218985457673506,0.8570983179970058,0.7712273775813518
0.7767871195835154,0.7948450864981467,1.1012183134104483,0.7935145900112099,0.9264987399763109
0.7752573973938427,0.7754363463535071,1.1163801053777394,0.7935888198535436,0.6885121330395132
0.7052202778248456,0.7023751937390217,0.8588133614297379,0.717721672505557,0.6917222524339462
0.8078442556791069,0.8103956392360826,1.1902357629824292,0.825129024065537,0.7787736827731628
0.6623752606531151,0.6582611041674331,0.8178014765613948,0.6705308363818543,0.5991772451289781
0.7738659429977152,0.7747557448670167,1.1652445917495373,0.7807018546727064,0.7793416802129995
0.7845625791827964,0.7941035445631184,1.0738803262771843,0.8070423132677611,0.8112564112920126
0.8422488571079926,0.8427816781860938,1.2878061116910988,0.8706252594187721,0.8454003899480422
0.7877105974827465,0.7775091171279063,1.0897942563244423,0.8083055447485312,0.7851483973408917
0.7366938631792117,0.7346803678150635,0.9682316581108757,0.7457406591503273,0.8046530840142238
0.683267884042649,0.6826658934765062,0.8569234971710117,0.6871567464842061,0.7166147281338937
0.7818202503724402,0.778297435711712,1.0026110944423023,0.7877558979416271,0.7852424836968372
0.7484067094048654,0.7452331759581026,0.9715462118853001,0.7600884729249475,0.6275285311402071
0.7700265798063743,0.7712583672400208,1.0573531543936217,0.7789048986718397,0.7088570259144092
0.791174120335559,0.791643800315955,1.1035666262081456,0.8128905034513824,0.8517924854222478
0.6974850767405338,0.695850231848328,0.8858010614339713,0.7058176142273344,0.6786433935877004
0.7560870337874342,0.7600870056893366,1.0514278335150093,0.7741903673746343,0.7906192207917786
0.7672548810403121,0.7631428122607444,1.0672990276522971,0.7836504895663383,0.7200936627518985
0.8099429991052136,0.8009895423187479,1.1319359701511864,0.8255243063144382,0.7893500414765289
0.6977366593084253,0.7054473672008301,0.9045258255888056,0.7096209015586465,0.7336460042710335
0.7498601647291586,0.7504031391415179,0.9957221463126921,0.7522111290113248,0.6822466459704234
0.6694329876996199,0.6655124687786994,0.812638349883812,0.6764117250808899,0.6950657577336515
0.8002299378931982,0.8067647204833094,1.142910663909241,0.8130927987143984,0.7644872925435127
0.8227572649262678,0.8170120044737339,1.1371471017406145,0.8433757319444295,0.8725351435708819
0.853471734326148,0.8611667178029185,1.2726453959170874,0.866619864157405,0.7610637608816446
0.8020534555073078,0.8132552412005831,1.1377071397497287,0.8091814701858309,0.8384195733353091
0.7689247148169716,0.7772434520630209,1.101556863015819,0.7878452270278022,0.7543933240843343
0.6952204368494344,0.6873214057971381,0.8759225546425378,0.7054651390905263,0.6853213953475791
0.8197718884109185,0.8349291843823842,1.1772738065191617,0.8532807250339974,0.7942615448201232
0.7174465960437508,0.7126769471865946,0.9092673027334267,0.7248217009798169,0.657992380978591
0.7600694350965369,0.7592148386014363,1.0759259301221014,0.7726276605705031,0.7868330063137657
0.8274582579503101,0.8154734739646697,1.2502352409653303,0.8538290663023785,0.8324338625817381
0.7691150013206393,0.763426670356704,1.0751341987657197,0.7841083425815815,0.8551106164114757
0.7062687418537613,0.7126986897850639,0.9827556211390825,0.7146810963205158,0.741699297859228
0.7489159207102732,0.7511069054241114,0.967444526390842,0.7557088543853764,0.9389900544533791
0.8384154972332463,0.8257930280680921,1.1537423979933508,0.860982227829159,0.8043664724437574
0.7762414768588037,0.7676939997617716,1.0858036354564056,0.7883235343846626,0.8160273823308506
0.7793687019538211,0.7716666219556934,1.127683545134473,0.8094520438019339,0.7223349038315968
0.8142267746945376,0.8176055629774058,1.1693200115427613,0.8169538934509583,0.7880012632452531
0.8471722638540661,0.8248801836995233,1.29897572838644,0.8644773416085431,0.9557556283275116
0.8220200616195522,0.8172342308373021,1.2657395022243745,0.843002209042555,0.7674040924480182
0.7773896188125543,0.7874300441307523,1.0634439000435183,0.790446499668468,0.8042575828943979
0.7376827886990707,0.7436018743332953,0.9908972922684216,0.7464877338244638,0.6297005638291924
0.816305505281665,0.8302944420811547,1.1365277909235547,0.8222078486183058,0.839707166304164
0.8275464388127323,0.8262816111921913,1.2273611584137183,0.8555164579668808,0.9880289579998384
0.7732542021347936,0.7827195639419003,1.1219057080996322,0.7994440935054564,0.8578974133298848
0.7736652777757408,0.7685117352570535,1.0611837789380765,0.7876238771992267,0.8091193957773356
0.7543845916029677,0.7623078576775293,1.0035947595124413,0.7613791078740306,0.788476281440455
0.7824940928403084,0.7722852257523296,1.1248808751822301,0.8036423828000114,0.854284091394857
0.7610575870319204,0.7576774380673214,1.0069769924165632,0.7811808683969875,0.7577992181376885
0.7490871327258775,0.7400762469644169,0.9610986803670093,0.7638409792169669,0.6866994424070502
0.8633430482800956,0.8605086165738894,1.2492586605234188,0.8584043865684007,0.8377192607111434
0.7853515902981337,0.7784298759257885,1.1754836788492335,0.7976660945245143,0.8488236988684738
0.8127391627242397,0.8097696600542552,1.164276374338531,0.8390189052484112,0.8554311054039712
0.7824072061759941,0.7709499587061568,1.0634546252625698,0.7900125173014256,0.7550004809486741
0.7704322695590331,0.7668252161161806,1.069752307402723,0.7990361165933753,0.7114069987161397
0.7667938000419238,0.7641287646781224,1.0344122417622303,0.7801222774688338,0.8062913391022906
0.8047240477892922,0.7946559050879162,1.1059416157721351,0.8284683319229914,0.7300094250442062
0.7403709077360364,0.7546963812178534,1.0410415430017999,0.7569554794043386,0.678616937825688
0.852447329822818,0.8350029766220896,1.3391698204029447,0.8842963696189917,0.7741911275438873
0.7856008824730019,0.7809918692156339,1.0764577331240288,0.8045998049500016,0.8482055681902834
0.7892404454628473,0.7974668485139814,1.1379330003848058,0.8010488696740242,0.8137114308893579
0.7960625346849382,0.7956247167469219,1.1443282808186273,0.807299550189237,0.7222623446533025
0.8105649552545299,0.8032760106045799,1.115098289312817,0.8377882089170136,0.7476571272622955
0.7865831796252822,0.8133806864966717,1.2106628263519936,0.8240231702618208,0.8935159868139666
0.8250734785808248,0.8243406458364734,1.2396534312568863,0.8437410389361876,0.7496192563720867
0.7806797607712738,0.7761339978970659,1.0346968835241817,0.7900710532808871,0.6729285874220893
0.7693263166524547,0.760058242020579,1.0974901483381283,0.7824900661014489,0.859225831162421
0.7418791277424284,0.7456662125980573,1.0232127912824234,0.7619035458947565,0.7409857140863957
0.8371703822038068,0.8437780914320845,1.3079891970689446,0.8634005685077542,0.9118681430253258
0.8194672383149351,0.8330380765552705,1.1814033365531522,0.841357300260168,0.8089378267772536
0.8701539081118858,0.8676498459055323,1.233598540805274,0.8887115523662018,0.874495450652984
0.7439393450958055,0.7420974632053611,0.9829017325783143,0.7579048401448912,0.7397937418921523
0.7746873445337323,0.7808991947027886,1.0202863848434216,0.7848871994198541,0.7273476857175443
0.6840762905617914,0.6827921485277797,0.8780460956588698,0.685843209475838,0.6248476231741114
0.7981335401079341,0.8126325377875552,1.1528793062194727,0.8134653429511387,0.7947305590798319
0.7654090417825358,0.760753208233438,1.027540083478721,0.7816206394164306,0.8046164481710975
0.8213386738768409,0.8344175128900644,1.1756721679160258,0.8526361948291945,0.796164439069875
0.7476455187087765,0.7524899070193409,0.9888484984740393,0.7541395589293107,0.7540227619538037
0.8005503595495141,0.803123750700898,1.088096251589834,0.8039263982850168,0.6789831454045433
0.8406193441430025,0.846440845898331,1.197928791401319,0.8555758088733858,0.7967334443848582
0.7163798470244438,0.7222790895328736,0.9049357010575844,0.7279061690892776,0.6994656335851392
0.7729272917068643,0.7708820218417781,1.0609906248243148,0.7782707985315925,0.8148275627433822
0.8560776631296431,0.8621122993916804,1.275965416042213,0.8951946819334115,0.8882672798089293
0.8044300558405136,0.8038470832015717,1.122728210468276,0.8095982027927385,0.6890717978539412
0.8825810150145724,0.8899409516604041,1.3149648973950656,0.9010174996624355,0.8474496915102454
0.8459231318256576,0.8497665872850785,1.2254398577950654,0.8733491590773333,0.8230714201516502
0.7437085376388747,0.7406081375482417,0.9861422074055248,0.7637615830964591,0.8228475890512557
0.8402320503816607,0.8336379734392252,1.1557990592959595,0.8550493378697415,0.764509175855673
0.8141340212235261,0.8100021563286838,1.1816833573738457,0.840881801146322,0.7855120765829708
0.8344540983469606,0.8321623309505932,1.2763683624843063,0.8447789835742985,0.9026240726104893
0.7203709968596445,0.7205892079807411,0.8829567563373973,0.7236353129880875,0.6888891944034107
0.743226017702241,0.7413102385652164,1.011053072383337,0.7516460662917503,0.7240308421582621
0.7440835676805774,0.7387746617201628,0.9924581888585714,0.7553259693548758,0.7698083961089278
0.6777687554669086,0.6729230012982509,0.8284530813769326,0.6850506357062892,0.7308520971151714
0.8009722466221858,0.8120236240734353,1.1560552570895026,0.813761600949142,0.7668260432231728
0.7196898038200017,0.7196380562980229,0.92864960399453,0.7309272409310629,0.7236183031694546
0.850623571991104,0.8567113811348724,1.2935889237666789,0.8797505660197654,0.902216422621547
0.7633274418961412,0.7564867866188981,1.0279144050095534,0.7658340031768164,0.7712218348606297
0.8027118012398057,0.7938555559541497,1.2054594898880668,0.8223624399065504,0.8780326585051293
0.8435075403909216,0.8481694084293974,1.325675251950426,0.8558586953287133,0.8734024983370521
0.7776185123079989,0.7781742642114106,1.120028058395318,0.7924801457896907,0.819737444221288
0.7659969030224864,0.7750493551203511,1.0444075736627365,0.7760547066257436,0.7594475582784526
0.7957496599073125,0.7962065877982564,1.0920290088985043,0.8059263515199732,0.8564375361878266
0.7725278881139978,0.7816554025490611,1.1022654445189142,0.7869717582959531,0.717714759815209
0.83262832922484,0.8329701399758456,1.2496854302575622,0.8666860977579574,0.8672210381431288
0.8101276536818652,0.8081555619000459,1.1854815040436475,0.8225122611482477,0.782323051909073
0.7812999594725506,0.780176984137514,1.0924378314511798,0.8004643989678958,0.8424090702925493
0.8210012871355806,0.820331014115775,1.1705850909545328,0.8469386285233923,0.7274628082595059
0.804078763355271,0.7976014434976627,1.1556441007887668,0.8267884937534141,0.828851198178701
0.8566805193724285,0.8538595643454614,1.2846816592357388,0.8626406079827418,0.9135207381172415
0.7561049619923284,0.7576011121676738,1.0827205281828702,0.7728902159526472,0.7226759938470273
0.8585527418667936,0.8762979229690665,1.3022833924320354,0.8839975461977477,0.7570715090335997
0.8738079916111731,0.8715412651669766,1.3322475622988161,0.903325818401426,0.8374739000270712
0.7765652192154194,0.7657437606070207,1.1087618695551829,0.8069620755469763,0.828958609380583
0.8324130219930262,0.83827090719333,1.208550065365774,0.8434523684298395,0.8572287716488156
0.7046751560387177,0.705458364994856,0.9062529611949064,0.7117537979664006,0.8230233030483998
0.8431174629023336,0.8402532011479033,1.2496580945904419,0.8614074578949958,0.7667372172284378
0.7850003052149843,0.7795336953965972,1.1222886445731823,0.7984910974052031,0.7111792960210054
0.7229871864175221,0.7224786568109889,0.9357142978558367,0.7339241952945048,0.7232290713220934
0.8467122593825971,0.8439303349218297,1.2243888945716632,0.8592169691655294,0.8367161834859289
0.7311079904754069,0.7345205517900356,0.9366049080461444,0.7407413292110124,0.8424193526977586
0.7608872016303644,0.7667526935496681,1.029016270457864,0.7710751020022032,0.7167629151298178
0.8655164439693948,0.8762679901021193,1.1956148372243383,0.8778447481797627,0.7872037693536813
0.8957186271670987,0.8867238765561187,1.405284642079489,0.8858884660324295,0.7970999538346164
0.7263842355876359,0.7310992412796693,0.9039283479210017,0.7296015109896372,0.7484070564299214
0.8247884889541465,0.8290427627709543,1.1714029439585234,0.8499543671265154,0.8561935231652797
0.8384782976614866,0.8364285086196259,1.2255848007637784,0.8738426315401535,0.840374908803457
0.7791978150011195,0.7896226099363576,1.1207351323918564,0.7839840017046485,0.7935268018092901
0.7509786925278235,0.7452959131580557,1.017805737441959,0.7723280810323732,0.7923934494125785
0.8305689699528165,0.8260925094970963,1.2675904601551276,0.8364561684841798,0.8539442632868076
0.8137938520193183,0.8020917163521563,1.2320874100240902,0.8290528367684852,0.7891239610172511
0.7784877790286862,0.7797409699170137,1.0730148904342118,0.7812907932245177,0.7781852831705498
0.7294254779927611,0.7169396299731963,1.017307332164641,0.7479725213200152,0.7007068179058517
0.6641102991316369,0.6641096188441141,0.8105692467187482,0.6696301684701892,0.6031522520643342
0.8006091338472047,0.8207804363033887,1.1914408732537685,0.8129104784153051,0.7160770094643225
0.7469869779728642,0.7451574817380242,1.003921326643726,0.774882069044893,0.7528745245966434
0.8432302319927972,0.8344254178724292,1.2604546989262708,0.8751915909781204,0.8324269833022196
0.7863564027954261,0.7943510324870461,1.1061912926866815,0.7826761416628184,0.7843067361006197
0.8199737096512655,0.8108206102214305,1.2501933829026357,0.8346291748539297,0.7626913805498677
0.8268998681647526,0.798779536116168,1.2943375724110764,0.8574171994412203,0.7067995613550427
0.7735564419208933,0.7734577207860258,1.0960185979364092,0.802656298973911,0.8372826793306264
0.9020670258922724,0.8930415777743747,1.381761621860278,0.9386760120830763,0.8771307459218909
0.72632699272132,0.721722443700101,0.9556115325675666,0.7341080127981491,0.7473517334423311
0.7643081052627082,0.7640775708515292,1.0606488066374005,0.7833233411675272,0.6637777994557266
0.8094483982238768,0.8093351186181522,1.115924703909842,0.8336619568408453,0.7635985523651018
0.8524281720488937,0.8365379473167037,1.2857570749971394,0.8659748308537024,0.777520464101871
0.7869443493592788,0.7734746197342605,1.0571187226863765,0.8011305778712933,0.7502846375265529
0.7438893757420239,0.7519790543563375,1.012887300291431,0.757301351110455,0.7964440929752596
0.7859846575781829,0.8041888319455636,1.1570153554440217,0.7881135077600544,0.7688062283474949
0.7684533490139298,0.7525319516042228,1.068266273862938,0.7656054229027467,0.7779855968809686
0.8200807533037165,0.8273526532393521,1.27933808149267,0.8423953849934208,0.856590700862113
0.818042757512861,0.8117913705789719,1.2147022597750738,0.8365965373888478,0.8127252187092637
0.8110134415491671,0.8114871079912486,1.1494576387924718,0.8285263662303618,0.8541560433625848
0.7451812155460679,0.7360345504122215,0.9554137318628115,0.7559380044520522,0.6472498961929056
0.7464589050480531,0.7479318790049484,1.0099444716265191,0.760366032139039,0.7088256687711108
0.8176708715659778,0.833830923913086,1.271048836150383,0.853176944449508,0.7383775803239045
0.7254965699033941,0.7236686879087643,0.9771834713321813,0.7446486092397769,0.7430876962788557
0.8305605775293685,0.8296806879777483,1.1973374477260814,0.8366638373611199,0.9775829669778218
0.8343382888375914,0.842608142593477,1.2098701349888377,0.8671810752805651,0.7753659512929458
0.812069589159828,0.8113506984073866,1.1536101881342253,0.8282153917727713,0.7921583792505952
0.7883336817749697,0.7832630355452607,1.1092780723439457,0.7929721373505928,0.7722950236225486
0.8164668606105209,0.8183270190207289,1.1539963637063217,0.8280393662482158,0.8252113750108198
0.753972227466655,0.7552081761374018,0.9731545722160826,0.7586749079278862,0.720746141233477
0.8493153899299735,0.8666237668903729,1.2274732498786893,0.8570210561353735,0.7844414493750431
0.7850783992827144,0.7868204426093257,1.1700722198286029,0.8009768859366324,0.8515114549598424
0.7708778363187196,0.7734403268607339,1.0672085488648837,0.7846340676339552,0.797538639401124
0.7576206123887359,0.7605268040187798,1.0226322426025134,0.761897355315011,0.7084682054057951
0.7748309423280739,0.7743689837263978,1.0901263448018141,0.7861507375682113,0.7780679117285078
0.7659433288637424,0.7649334727551164,1.014291327835418,0.7773064398751851,0.781052148891888
0.8460109646518629,0.8471492613615882,1.3074802576599054,0.8546926612785345,0.8917687615485482
0.815689992880166,0.8279155802816223,1.1950268116014195,0.838174585984617,0.8079748187244652
0.853978797348111,0.8494268951894608,1.2937887442058795,0.8844304138756691,0.7650594639664162
0.6981740731265583,0.6993846183684643,0.9099597397789615,0.7128238208150003,0.6766121167996045
0.858348633923258,0.8588107315414844,1.2315549768375018,0.8852369800304234,0.8711427401757943
0.6881890115733197,0.6937662596345969,0.8969091509792176,0.6937290238659494,0.658973779010523
0.8520827845927982,0.8659427992909495,1.236138483027248,0.8636747457808082,0.7600469109238076
0.7237688353054255,0.7211388813651822,1.0053660357007077,0.7298162843500058,0.7856922377903914
0.6892981461555301,0.6876612663420136,0.9192562253294793,0.7061226932646805,0.6721338097283249
0.7452883064115838,0.7482701420300004,0.9936526379747492,0.750975944697156,0.7268950642544553
0.7849631885274855,0.7882869489455533,1.0747333254065354,0.7917596742187267,0.7965159797284039
0.7779238503493329,0.7740532580636326,1.0326008916184612,0.7893183925135392,0.8325917030499256
0.814942477526504,0.8114669331245898,1.2307088696560402,0.8342575631654312,0.8382377409730212
0.7720768564642085,0.7623833024365946,1.107181695892825,0.7840149608422232,0.8320215321835389
0.8225552072767112,0.8149752253734647,1.1671702529010077,0.8374221163278471,0.7459980655191788
0.8452102151219607,0.8512966814035408,1.210667630694115,0.8722885981953568,0.6713697646248208
0.8221881817742662,0.8347947251992567,1.2053196210948574,0.8610226925748896,0.8918815729657188
0.7879640883638305,0.7955932639395752,1.0804097589255792,0.7972244062242305,0.8460268926567315
0.7747318967779716,0.7678942182202405,1.0766041016346826,0.7852090040062242,0.7721835419040747
0.8719478149169038,0.8668708171729502,1.3853147225103952,0.8858162597410715,0.9278763534008888
0.7439566944980733,0.7427631517265076,0.9921392912355764,0.7590946250751471,0.7069486378210375
0.7837389129262639,0.7957950191327653,1.0924844230302466,0.7894912038285739,0.8392189530702608
0.8196315035353102,0.8040629447320066,1.193437248478567,0.8370637099343611,0.7537149367531264
0.7677125451122271,0.7659087637653006,1.0324269166822464,0.7824357905067749,0.7517362352106469
0.8406421825690973,0.8384201508125446,1.238038639762019,0.8592141268697124,0.8781572047180195
0.744766150364047,0.736566056859794,1.0484241690782756,0.7597812138520563,0.7708741801020202
0.7862389052697594,0.7888074958026496,1.1065684075474147,0.8046755441300464,0.7970039434698151
0.794855190447038,0.781447512197561,1.1472678384176602,0.8198844321301975,0.758364869616504
0.8264254052119517,0.8206795729612677,1.14123819704953,0.8356525598028322,0.7300048976002005
0.801554218220455,0.7919061196365808,1.1445798658328314,0.8194612913422755,0.8673001886632231
0.7887175715516336,0.7773409698381465,1.117008901821594,0.7973776398336446,0.7356819099571761
0.8085239279175442,0.7980136660325985,1.1195814379041829,0.8186205288310111,0.7453155285265135
0.8201467307568696,0.8129840032157013,1.1735664103321608,0.8170709853098915,0.8529274827400773
0.7819887688167961,0.7918059878287065,1.0722028583418186,0.7982275534286953,0.8656671011878853
0.794216974248408,0.7934372702145085,1.1531904232223962,0.8190346792872534,0.94960826929296
0.8440044799587882,0.8528887290631906,1.2308748787889556,0.8755211478615177,0.8690090640782541
0.8344637193319037,0.8409630997849219,1.274246483256292,0.8587183111007558,0.8439089727464115
0.8606880132109543,0.8643510544484642,1.1706103312175582,0.8907781209837876,0.7540126656938302
0.703985145138872,0.7122031781790047,0.9187428588197971,0.7128399260442037,0.7507813441883705
0.742993342682043,0.753579309093616,1.0414678555881962,0.7554123995946829,0.7608086998570784
0.8049322773581137,0.8101878700496755,1.1127582946677412,0.8085549751096924,0.7235853794449438
0.765855318793669,0.7716593724572585,1.093875935373316,0.7870635793806604,0.7962069296074251
0.7557956221591932,0.7425891205280358,1.0576658882518686,0.7767287179103167,0.7822413311213466
0.7614067555544671,0.7674219977244287,1.0450302368569622,0.774432996558568,0.7161555428981109
0.8491647589051797,0.8570869797829684,1.2617865556150174,0.8686407313652126,0.8695174508737524
0.8069652460629329,0.8009311163481787,1.071950103100442,0.819735853192679,0.745896569959852
0.7970457645915223,0.8041440959636654,1.0887606261042848,0.8252896158437841,0.7741823078758039
0.8002258259923035,0.8141065760309002,1.1854811724708996,0.8096845964931302,0.8456244662319744
0.7701324116302337,0.7771930916634848,1.0800676441128316,0.7781111646645955,0.7366830699689678
0.7653181343879082,0.7676145859734517,1.004506961868006,0.7720389492245411,0.7204052366731826
0.7935501565153793,0.7927771011799276,1.0678508926627086,0.8085373262016793,0.771560300905979
0.7871551188833759,0.7925416116038992,1.1028832041289116,0.8141264266142352,0.7671174232020506
0.8065949179310298,0.8085537179849945,1.1335030869147031,0.8309652154589836,0.7533044720422379
0.7935335010855877,0.7971405299470171,1.1289020655704276,0.8087014428240156,0.8111743878701558
0.7355477127053056,0.7370291476429238,0.9841801453400145,0.7470472018350907,0.699043120150729
0.7496616724783993,0.7580308276408951,1.0641603772207093,0.7623515950590827,0.8469936459238002
0.8111970816132481,0.804588454378617,1.1313692196693486,0.8289189789878173,0.8365423956755452
0.8110896110584422,0.8123612767692188,1.1603629858896776,0.8276387766947024,0.7268440027640645
0.7506471311929074,0.7466100359260869,1.1484782876103052,0.7741777616447215,0.7934732033712494
0.8220377426585523,0.8257738884839876,1.2248620424386314,0.8285045360152541,0.8289209114374095
0.8015407631423391,0.7998731122651926,1.1622284277490564,0.8159714252650595,0.8189743363680698
0.8166131609102278,0.8150813061506534,1.1792364546067875,0.8353115132213216,0.7871820354648116
0.8459398296912335,0.8348444297611466,1.3745687067244723,0.8795950485215931,0.9137474950033332
0.7624077868695046,0.7545283487491653,1.04102033561295,0.7800432622136223,0.7296994558652644
0.8478128127542868,0.8461654136629337,1.2611726894744433,0.87573303094273,0.9467469261632785
0.8067022412994556,0.8271230057066741,1.1273098197839546,0.8231158752537162,0.7109739274593369
0.752984101772323,0.761522807508182,0.9903384296022394,0.7633581873635212,0.773452544456957
0.7990500508341457,0.7966296626115624,1.1902485708758128,0.821783718092104,0.8948325526520335
0.8550427533571282,0.851742191473286,1.228963120203511,0.8658523717062457,0.9011148024599274
0.6697594551670385,0.6688599627494046,0.8130253979819178,0.6744192331386085,0.7109894857372685
0.7670112231459251,0.7611909621340905,1.0554954540137746,0.7724784298535042,0.7310917206144424
0.8285093786287836,0.8306358250454078,1.244234419964765,0.8392621626849592,0.8121136511452416
0.8639452325018536,0.8594813149313373,1.2650671079151072,0.8919059370577714,0.8765003380138574
0.8761171798395876,0.8849838319550402,1.2932204954950395,0.9175807600682103,0.766923961019104
0.7713188394969991,0.771863757373963,1.0434358810698474,0.8018747526733262,0.6766952432537562
0.7997686621976465,0.8038417876801138,1.1217912572060424,0.8201838670799515,0.7691614665442023
0.8689696516192597,0.8736085404564305,1.2882327260102961,0.9037347469270295,0.8315532188724939
0.7512193672683153,0.7490040429390971,1.061643339492195,0.7707567778667065,0.8527859971835596
0.8385645759574969,0.8381719267825634,1.2267839930451612,0.848882168593059,0.7493849785487392
0.8546674877208208,0.8559856098203765,1.3035740625268897,0.8578660888995034,0.8708284995615412
0.8367536810876542,0.837924312452199,1.241835109144846,0.8520335517292722,0.9201601242597983
0.8036194328143931,0.7980129775091978,1.1797600136516497,0.8169728166395,0.6821779857200246
0.7452090731360347,0.7531216211755464,0.9756057789162458,0.7555457247407026,0.7672648302017078
0.79592694605042,0.8097866055163289,1.1206525134310885,0.8131790770327986,0.746395883092404
0.7727947584551587,0.7780603554939345,1.0300649559054493,0.7850522196296561,0.7778481573548349
0.7968621433175984,0.7835308424592986,1.1413175472841237,0.8065581677682203,0.6581690485171768
0.8867777424128583,0.8951406581531939,1.3187601271339213,0.9110875344761326,0.8266378285056917
0.7241696340791576,0.7242174565666589,0.9817110851464691,0.7337948784734779,0.7296538953078892
0.8261610561073487,0.8343184626463727,1.2161917547887244,0.8573638932278429,0.7790373007368971
0.7992075023308073,0.7931765084387331,1.1243347961220937,0.8042007955550251,0.8640531975854213
0.8165454208106522,0.8037384722476011,1.2192167613847062,0.8410360475745464,0.772745016628435
0.8507268147091384,0.8676942346276212,1.2671945553760469,0.8637454832832964,0.7959377987513183
0.8153615769357089,0.8104462954202135,1.1631488556202942,0.8381857656730886,0.8938269411211576
0.847583884471934,0.8506515887374654,1.282090311686522,0.8706340601084629,0.8165420426489797
0.6925865077165921,0.688899370763468,0.9120890962294864,0.7051817380466475,0.6487430517261792
0.7601513131503526,0.7604219230521663,1.068324336368743,0.7807583678198582,0.8175733228349776
0.708062045762117,0.7036211368889654,0.8999557345647788,0.7180277289430085,0.7013576962037869
0.7579535065267459,0.7700742168097668,1.0647217350791958,0.7687405078871753,0.8033968011670851
0.8253950318065981,0.8247700454834512,1.1653010351635755,0.8394643517729932,0.7582598256928158
0.7789091239636046,0.7761740633973162,1.1016640598894567,0.8001653306088199,0.7057504442256434
0.8012675308674384,0.8028906300970098,1.1986780511554138,0.8089284734528415,0.7989929523945026
0.818381880034125,0.8153679324554576,1.1772001594188266,0.833551039695453,0.8595468170334656
0.8280655779393306,0.8344451924597304,1.2591271648853928,0.8570372366929581,0.8489233253736954
0.7609836956901228,0.7622452980195276,1.133890121310758,0.7824867255565773,0.8510919332444081
0.8505239805454146,0.8461238390166874,1.2318423246446104,0.8601450599918403,0.7567660046314841
0.77849506607277,0.7745840562456817,1.0547195901843902,0.7920331603349734,0.7788588866865895
0.8188554704261007,0.8246098138550556,1.1738767833387302,0.8481751652811914,0.8274620695592435
0.7681704207973494,0.749925501670625,1.113595113535657,0.7865043168605892,0.684086598648396
0.7461087457759079,0.7511467911714487,0.9865532296656537,0.7561047595652377,0.7507755175332032
0.6907773297052193,0.6870507373108163,0.8904647191874211,0.6985267310392094,0.7477881057733337
0.7767340223930181,0.77555421198377,1.035629214479419,0.7970157141027598,0.7729003660722278
0.7488204029099831,0.7493390486920298,1.0135012262171754,0.7718359670393461,0.7014236617178405
0.7812509752120137,0.7825091894253634,1.172052257038016,0.7887498824310076,0.7791417067878607
0.7198580846063556,0.7173383597167287,0.9765446854436954,0.7200057190400708,0.7517101765449005
0.6976771275953115,0.7001654564620023,0.910919978898392,0.7101609096170278,0.7103549128366913
0.7961657013384571,0.7999072143239057,1.0816687971171237,0.8038089008376854,0.7838178378755888
0.7945911157207852,0.8012365631871967,1.089030076643212,0.8022629629966354,0.7376920758206387
0.74748581767008,0.749555937489881,0.9902049755283523,0.7611985612273715,0.7103869310974975
0.8123701698339415,0.8055669415438979,1.1633594356235033,0.8294514939096594,0.8189565845123296
0.839336443682077,0.8392548854944696,1.2276619064021976,0.8520109044070759,0.9000070465545266
0.6940208271979679,0.7067589760567923,0.8644289957749031,0.6960660506652896,0.6284711367893877
0.6894988622790575,0.682658080651143,0.8919308797978777,0.6995349830029575,0.6875547988393846
0.7714443589307138,0.7749845061166714,1.032706968885647,0.7769119503507818,0.7844597094501129
0.8503424881327705,0.8333354492563115,1.2973252528172203,0.8722888764635813,0.8583818794670303
0.7821983439865274,0.7871856426178028,1.1567348779010895,0.801076719444985,0.6851269678294876
0.8284662230028087,0.8305389188958102,1.140248368987847,0.8485126854648047,0.9121734963869862
0.8062769271090995,0.8117609721306482,1.2326473391465125,0.8385957931594887,0.7995236310036375
0.804493745759551,0.8046744434038969,1.1914331732121757,0.8227554395499951,0.8705546421227718
0.7855346133179919,0.7776174572162835,1.0916549377032407,0.7996741909702254,0.7270075100803852
0.8329786187208836,0.832845771711116,1.15949079714917,0.8646932948938304,0.7329877004100527
0.6954197850610437,0.6909592626782446,0.8918290817755639,0.7016356239832079,0.7589027689831392
0.699471487996469,0.6954893397645554,0.9132632447531853,0.7104768417428293,0.7246777179577679
0.8496224378714108,0.8624193850846815,1.2248963357214278,0.8705415251166346,0.8511598713331499
0.7616837322920152,0.7627345119862688,1.0731454046561995,0.7630904876228407,0.7905833255546074
0.7982522896237519,0.8088047503583721,1.0843080048202065,0.8068048873377774,0.7502755433209221
0.787339843229237,0.7979587262002567,1.1228706462246993,0.8094997801113814,0.7267285332142226
0.8166727124202467,0.8049316910215795,1.1664388389265388,0.8341216856906609,0.7915409232228361
0.7248928891276182,0.7129911567145889,0.9714238282656873,0.7351730748845203,0.693447553545254
0.7698503652664505,0.7600939805395447,1.1110373042190265,0.785799563420006,0.7584972421144123
0.7902114886881584,0.7657903149145169,1.1523831874834976,0.8197591125353754,0.7772506491802899
0.7960223035195284,0.7929510306922256,1.1492998098524387,0.8142911130907813,0.871407211664886
0.6986396498884122,0.7079508646954684,0.9066720852681427,0.7162890596929157,0.7594625198260746
0.7701708798707537,0.7662649517971988,1.017806893197657,0.78263505376712,0.7708213544412816
0.6974232293732325,0.6918161460132697,0.9107232133999139,0.7155031621604739,0.7204099213073841
0.8180525240695637,0.8107584983275964,1.1541014732209993,0.818812204784521,0.8385677618846428
0.823559453182388,0.8121090290987332,1.1373462610894682,0.8319584425629567,0.8552758286306252
0.7643903669628304,0.7702165409513554,1.0692478686246387,0.7861106710776354,0.7660334207367872
0.85033466608358,0.8636875221253209,1.3136998476767463,0.8759218114025802,0.9077746747034005
0.8264687565763844,0.8271596626480127,1.2153124695948998,0.8268242152940273,0.8106836511734992
0.7484862879443778,0.7420225650980766,0.9857293720612738,0.7589388122964899,0.7210264721184322
0.7271003770474835,0.7326687403545724,0.9633751645155876,0.7373623096683379,0.6146283593733071
0.7562833459391254,0.7640015723423357,1.0807809125360608,0.777221577296177,0.7854224270436371
0.8388223299109631,0.8362223839116941,1.137715580482054,0.8511086998824634,0.8209428899257885
0.8933061402580351,0.879605373822786,1.3395557537096574,0.918325226600335,0.8026350412462253
0.8106778138365891,0.8082797280509486,1.2032485786833502,0.8241882576341406,0.838216216482738
0.8362670359704142,0.8275209342682409,1.3032005456654523,0.8543766992827414,0.8941328234182663
0.7922065728122167,0.7823360760124045,1.1148649845190783,0.8004664397484604,0.7742236864908851
0.8214376668847778,0.8352707254403937,1.246053310084498,0.8376841554928254,0.8557064036345425
0.7591536560959855,0.7489019611252219,1.0571656920044574,0.7715815545501659,0.7599858883908821
0.8145855707735877,0.8167270091695774,1.2197473894424795,0.8261754703342051,0.8289061198271557
0.7746291227146451,0.776644824841795,1.0366928879652497,0.7901187572035109,0.8590090875715883
0.8253044963312889,0.8283164848898396,1.1133050957702322,0.8385492613213309,0.77011902483107
0.7619924053830958,0.7608806369847296,1.099313135795011,0.7757054816492972,0.7197789099524377
0.6427529103510958,0.6451665622997084,0.778280295097589,0.6461651349248886,0.6531813279800879
0.8050165278375105,0.8088395306222707,1.0959291376444065,0.8070333864731474,0.817190405514319
0.7682033233244036,0.7663396129367143,1.0893146156799345,0.7732083175988173,0.7688209246371136
0.8249524027294163,0.8266314698237168,1.1468306799855328,0.8493666414817668,0.758214288390955
0.6893583184325267,0.6809747307284183,0.822683081254794,0.6928309965998357,0.7117405764686822
0.8155988235383933,0.812804874386946,1.200674000505626,0.8261011005611771,0.8884127929860678
0.70926735468778,0.7140996946182621,0.8732194500980412,0.708446907760378,0.7298275027515304
0.821640943934789,0.8281611810087851,1.195284936560859,0.8297272600625251,0.7838996968552943
0.7632636064565882,0.7660551120486504,1.0507776359483825,0.7704756062674841,0.7758099942265745
0.7692339048895489,0.7807371718091922,1.139659247536544,0.787083433734374,0.7598256911026375
0.7716709003830181,0.7658509973177307,1.0783016333166486,0.7839679209306619,0.8425629451232743
0.8437533955074048,0.8382611274805425,1.1815893830606683,0.8564806081467515,0.7878545932607608
0.7538123125677313,0.751885779301294,1.0275639127317184,0.7682946455346534,0.7589582652331442
0.7845932893802297,0.7940349787344749,1.1105635258599833,0.8008880681068147,0.6429297973753577
0.8311318280884809,0.8145435054132738,1.2590055247909309,0.8396834407167163,0.81857144616291
0.7984794674187161,0.8083405053938346,1.1225105402296593,0.8098510280060891,0.7582775280645664
0.7939474131702983,0.7978712256983379,1.1543492768497452,0.8093085073883394,0.8446681811710447
0.8511696058146022,0.8484291237932703,1.2786932094793353,0.8862233162835628,0.7298944020342872
0.8768235076636254,0.8752963898817124,1.3367714338221934,0.8949503455009534,0.9212588560194985
0.722149607684843,0.723305704563656,0.9810370438550096,0.7329744020696809,0.7820490137131496
0.8028436368051842,0.7954582120327985,1.1635419470477086,0.83224237899515,0.7824617685409431
0.8021611529265786,0.80839133432697,1.1252954753239965,0.8162233232525891,0.7327605437984606
0.7932605174864452,0.8004843877577797,1.1602448695345693,0.7995736933075853,0.7341769746277819
0.8212551611324284,0.832788690154034,1.2861782360714071,0.8431460387183638,0.8417811471986482
0.8204372806131269,0.8205344714447317,1.2129855132644152,0.8533346678471311,0.7484772429412286
0.8335553127671377,0.8354762135134778,1.2128486985865767,0.8395792953577507,0.8520553403945692
0.755310653489873,0.7403749577763659,1.0667089075595753,0.7679458180242902,0.7265470803943137
0.7064587413735992,0.7064524938900253,0.8922387655849269,0.7128302806622984,0.646394437039137
0.8414324983329352,0.8423700749121,1.2311245343760922,0.8553832569228249,0.7760198841761848
0.8764545107087818,0.8720540340081848,1.2206884099322148,0.8907002379759099,0.9157794247300087
0.8068409986849613,0.8303690902093764,1.19510880021822,0.8347266395351077,0.7517755318306426
0.8549782579870505,0.8688160557467867,1.3369881595399766,0.86388702729862,0.789674727023846
0.7579458046434431,0.7549044751027962,0.998363729192443,0.7704879924288108,0.7581369137459046
0.8053309423142524,0.8096918132643144,1.161260318635339,0.8145937479850275,0.8153022184407455
0.8200601365310404,0.8168856511603845,1.1473024901218984,0.8383474105041785,0.8698730263692919
0.798550860608634,0.7986448555965302,1.0534608666556746,0.7980796665728247,0.7039207418224604
0.8158949775467628,0.8253774142181527,1.1702787659418408,0.8216805595897909,0.8254763431535848
0.7247298477972853,0.7266432588663058,0.9674878773827157,0.7331506032768126,0.6535321297709925
0.7835206171012906,0.7864130530426764,1.0685053576655577,0.7924731550833689,0.8617323897431008
0.8146542605443532,0.8140934716243495,1.2357118202350075,0.8356738462671833,0.9258920757407394
0.839037611954326,0.8395796296436892,1.2821205937339846,0.8590567643026622,0.8314504759423872
0.7467938229880431,0.7392153271840565,0.9846419215686931,0.7644398195606874,0.7812908521014204
0.7879191927260918,0.7741395404718732,1.127468229259719,0.8076830478082262,0.8742950357448729
0.8028283903597503,0.8133885956966233,1.1416926724748269,0.823326272139303,0.7456163488294677
0.8597860982432769,0.8580140595546876,1.1930447778519828,0.8772011800328942,0.8188554448784788
0.7678177150460624,0.7654509115547147,1.1164249231436782,0.779740245278392,0.8198266080056138
0.8242109987529708,0.8350849022450814,1.194349615904212,0.8442700437921941,0.9156654338647163
0.8291928187122074,0.8262955664448347,1.179232900274502,0.8476565487748121,0.8881550128849275
0.7939544735121564,0.7890766331900536,1.1146349259280137,0.8233715066479599,0.7786611272683364
0.7905251162155614,0.7990332724681962,1.1935184513687767,0.8021302040338326,0.8494660295558328
0.7305792405286471,0.7200130789242112,0.9400190321159715,0.738932135200876,0.7685697988669474
0.7272713279560751,0.7321847636087008,0.9330689662093484,0.7368952807493506,0.7401249651590253
0.8418814943451568,0.8405749473955383,1.2722261759204962,0.8563375890123891,0.8820328025896895
0.8294095306208754,0.8044654631161702,1.1976861285832707,0.8633486845452699,0.7036534817901782
0.7753861662247131,0.7703961787198422,0.9987525369999776,0.7840536179933965,0.7929862717345982
0.802874254856542,0.8063766926627807,1.136857606811172,0.8265643165144021,0.771978850480159
0.7455910297788393,0.7351151894322052,1.02842602136321,0.7558786034065699,0.7591650211577075
0.7813385495679929,0.7801955696995421,1.098536520902202,0.7965861940264461,0.7492544887321665
0.8047161370459285,0.7967361119312292,1.1703916075512257,0.8361535244086914,0.7842272714554822
0.7465193668455449,0.7561062218182703,1.0660756476578759,0.7509718152264991,0.718359004298688
0.8038262096864113,0.8197600348916341,1.1864901287511471,0.8274087708247253,0.7219653754235357
0.7533399802874953,0.7604324829799819,1.0364409367482494,0.7700837796814984,0.766266661052261
0.7298732987156482,0.7305438428295883,0.9744148351309969,0.7444283798637101,0.8638928491493165
0.8123113227053216,0.8054002624288819,1.1125891916865043,0.8274355209395692,0.8192607556581735
0.7908082644804284,0.7945467525848646,1.1068961786895708,0.8045669821366719,0.7872195978531832
0.7917277398990921,0.7977657502204745,1.126352782073901,0.793863689062472,0.7234321060278891
0.8376532027845353,0.8139819791968826,1.2200442378426732,0.8487897457179873,0.7671287186519955
0.8798016382229171,0.8811188888835743,1.264024704835438,0.9089319357163405,0.8014441623863315
0.8538120352913939,0.8605569483526737,1.194126781197879,0.875714529874624,0.8020682503144753
0.7585770377492418,0.752371569156256,1.0559033655041181,0.7841503221653088,0.7294599673715703
0.7941675680141723,0.7751856413832917,1.1579108437617993,0.8085364689354627,0.7373070114646076
0.7770970558690813,0.7844652504355936,1.0959666035573787,0.7882347496274755,0.7931161618121417
0.6778077621351227,0.6760097471036166,0.8464304230723709,0.6847634418667459,0.7586663386634559
0.6936495223096929,0.6996228373204447,0.8856872931887408,0.7071086872691772,0.6217143842910182
0.7238232090976199,0.7257096905672044,0.9676302480577124,0.7341038364641542,0.6904370563281641
0.7763749642301914,0.7779539480061077,1.077046786456707,0.8002099767393409,0.8427172282602002
0.779488216419365,0.7863919994553998,1.0781695629676584,0.7935492865094245,0.7905693335401975
0.817434441055247,0.8100390942249873,1.1764231985634779,0.8217121931013309,0.7612685380744983
0.7754021401038588,0.7777722071563856,1.1366145302417001,0.7951584607916503,0.7912587290508687
0.8214634349737738,0.8162430177217822,1.1481341778307903,0.8305201335388478,0.8568268592471848
0.8190948358761234,0.8178764045310776,1.2012003751763407,0.8293610163134424,0.8364440792960397
0.7778368813142879,0.7836024051585243,1.0788728730534034,0.7917507758426715,0.7330881271915957
0.8134899192141367,0.8075615169837023,1.0709700014387467,0.8268301976848753,0.7611980788018351
0.8012304792881642,0.8006813352689142,1.0841038151208668,0.8150034353507978,0.8431532658352486
0.8221671864734222,0.8098810642329698,1.2956319439746151,0.8488554492955068,0.7877699175065056
0.7363211889400917,0.7316212794651832,1.0423398164432838,0.7615304860511937,0.7570779035872942
0.6978869923183303,0.6966517892137654,0.8856949813331897,0.7058650356914504,0.6439328746001488
0.7527302684530429,0.7295479199755449,1.0340228493334211,0.7692847317617396,0.7815868288362388
0.7752823000132069,0.7790624208711238,1.014018699482449,0.7828759130588062,0.6806088725823696
0.7186309779022897,0.723450426290482,0.965049101370125,0.7283782767881946,0.7137682972725173
0.8355220287561506,0.836965319081025,1.157304564718649,0.8455899435866822,0.7717178283018439
0.7526335055785778,0.7509136397186933,0.9951816898496084,0.7640354829581268,0.7050328995557654
0.8179633371708778,0.8345891303787268,1.2378166586477177,0.8667231938823347,0.9391644109530781
0.8223287603804388,0.8371648523058917,1.160275049977727,0.8270423718847895,0.7995603504550335
0.7913587465300456,0.7924532781956903,1.1192204422985432,0.8015040497550212,0.8100676810421036
0.8247737031320722,0.8228238263906761,1.2537330100015431,0.8412534455844211,0.8594431552335839
0.8010206282376057,0.7805933156921948,1.1796273047906434,0.8203712084498328,0.7231464194559192
0.680669065917802,0.6873216208134331,0.8555198619796629,0.6842845093044534,0.6795822221518542
0.8287080685894321,0.8211993154073878,1.1500595575594312,0.8436355431874611,0.8299364620467709
0.8439818128183078,0.8430706346152276,1.2891384442161251,0.8481914522002262,0.8861524778109393
0.7890826579412361,0.795455758720068,1.1128903155690435,0.8026876278046854,0.7847957288280766
0.6856872136195479,0.6856867977927751,0.8238586914331221,0.6972722749373339,0.7052820880684829
0.7849617127271571,0.7868629478630393,1.1485712546407922,0.7987632127711908,0.7797790589159331
0.7194384431475936,0.7252387547533288,0.9156787373511971,0.7314705079660772,0.6979029423947773
0.7214311659936079,0.7275018274357476,0.9385487680439442,0.7288242353692851,0.7439829911158556
0.785069798855809,0.773145159594728,1.1331039740193178,0.8113843821374641,0.8132258666068772
0.8067979183132127,0.800544553447691,1.1646735250888112,0.8226464051770156,0.7761200108320939
0.7654052989604662,0.7577999437395865,1.0826472703642276,0.7796406662361853,0.7618492919389253
0.7660665655900596,0.7644528773535348,1.0886060223288607,0.782770228252422,0.8145526685988452
0.8080177788049199,0.8173179352803663,1.1569457166166688,0.8444660054403166,0.7770038758509463
0.7876345441553476,0.7938410469027424,1.0364412724551848,0.8068115266514122,0.8310981968010712
0.8394049276351149,0.8326904774152403,1.162853749734631,0.8422930727835024,0.8031256164010588
0.7893085380253776,0.7999021723011371,1.132484463852136,0.8078156454882831,0.7746763765761198
0.7644090081689172,0.7714389171740277,1.0115144311475763,0.7772199922601515,0.7677306716928958
0.8029153603711054,0.797067398532288,1.1321679657976569,0.8177005957201862,0.8938328938145033
0.8912641292281301,0.9015882998572523,1.4021408003085836,0.9171602958437793,0.8449140099932287
0.7398719951689766,0.746093555495002,0.9478122059365743,0.7480797747798359,0.830793365752406
0.7235038124505679,0.720408970272536,0.9971696515267865,0.7373386546669349,0.6918810885306357
0.6696062326825343,0.6729496576659961,0.8462191354161407,0.6831782822957662,0.6419002830191984
0.728424450152389,0.7221892175417904,0.9736727976806326,0.7356432435960446,0.6035009663596147
0.696492167482858,0.7043848354637438,0.9372210629049139,0.6972739390540671,0.7240041184431166
0.8039210283877272,0.803852437279752,1.0762983682671254,0.8036594109091209,0.6826040371163119
0.7716054021894392,0.7609813331926916,1.0486653743672902,0.7844718543319689,0.7386918663104048
0.8510268489927718,0.8606240365448864,1.2413570945046386,0.8732571766776599,0.8082561309978336
0.8020197540024051,0.8037473980759141,1.1184280475088202,0.8129643912193038,0.7337206956129874
0.7388867730114189,0.7351477161614987,0.9716115947696058,0.7468811442412177,0.6995620065194043
0.8003131683316881,0.7967475405663821,1.1714174713043546,0.8186119524491108,0.9277849526833671
0.7032880209611017,0.7042831151354485,0.8684539532604799,0.7184686652347929,0.7557681068435191
0.6735748847762353,0.6769003284291052,0.8218078285224015,0.6792396491339083,0.6769035709017888
0.7401044628087646,0.7460124202954391,0.9926626023824591,0.7439364374085541,0.7863381492525184
0.7741717436726252,0.7819721823023296,1.1068471546501095,0.7843961712906196,0.7685478345244907
0.7799976510651335,0.7725752549838777,1.1522276677681504,0.8036339309696835,0.7343003929741737
0.812576564486787,0.812744596058046,1.167628681970442,0.8178880923754933,0.7376768706810383
0.8790327576101131,0.8582273932393625,1.2872244869039389,0.8973977330267309,0.8158894437791387
0.6841254597334404,0.6806102736846756,0.8181153842650096,0.6943722758116355,0.647597914591135
0.8685627366790217,0.880469283576678,1.3325170992268833,0.874713619247225,0.8536616877371029
0.8264266791561801,0.8300715028162353,1.2236700856274332,0.8421624075351046,0.7839336296576874
0.7910396104415,0.7849634183934658,1.2041008089483367,0.8162271514519973,0.7809561991184858
0.7911276349206984,0.7965322876116727,1.1400557282508634,0.8044316044986461,0.8168564531591187
0.7661798822950933,0.7736926513025367,1.029274865074449,0.785038946433339,0.7404204975876946
0.7526016302191343,0.7410119885036355,1.0141553148224762,0.7605170934921663,0.7109293326901108
0.808747571574883,0.8172322133867463,1.1983418057252995,0.8403828450765402,0.8436516100860135
0.762156104844919,0.7509298113460339,1.0661031591062526,0.7715526633226566,0.7692930919579072
0.8290093957235064,0.822150938319062,1.2788768605044583,0.8484517827943038,0.7984294606415804
0.7510428620077497,0.7490123356883568,1.0217102870676755,0.7765425617502854,0.6910764007396274
0.7381308462427654,0.7357968624394429,0.9578237061191792,0.7375965964899243,0.6604656412056854
0.7892718615825067,0.7835517182332847,1.0549930715618605,0.8007833738573578,0.755687186356422
0.8338138032576312,0.8434101822879911,1.1745927428684475,0.8480088668714341,0.85287712082119
0.8369275357348956,0.8355898961398366,1.220038239700557,0.8608421403151215,0.7947122185499692
0.7268561622737086,0.7333118556375078,0.9462858011886306,0.7348172966236388,0.7236874395568053
0.7735813124961761,0.7798056103501163,1.086452085194316,0.7950937924346377,0.7445197270364516
0.775793823616824,0.7802495499585429,1.0954926957547633,0.7964818889900454,0.7442603732049763
0.8485735498294347,0.8602100326332887,1.3970603878775647,0.8396748245396088,0.8105636132490908
0.7486665172182124,0.7564680219870249,1.024974109682259,0.7574938192658197,0.7593269441695912
0.7264857788768438,0.7357078602466337,0.9570566114409043,0.7340572056895255,0.7518657234116768
0.8355028103199366,0.8377805027743407,1.244171887269657,0.8386182568628583,0.8294704548121506
0.7457232692180339,0.7472019444369541,1.0510240585318598,0.763731194137859,0.8012402132118942
0.8365655345433981,0.8329962749141563,1.2029615726479745,0.8573322240483828,0.7764616925008679
0.6917452008844828,0.691263572738144,0.8259571709610274,0.6993141847391028,0.6659583873744636
0.8002375992783684,0.8083932298036038,1.1926585208158773,0.8180077958865002,0.9164302796477741
0.8197372446278022,0.8169078735841762,1.1425814524731641,0.8311486593239754,0.8616989936919887
0.8451247209303642,0.8349274034649957,1.2043767158298269,0.8740705366081213,0.8600592357554057
0.7807033307213842,0.7748616507447732,1.0668831012448903,0.7854113490840182,0.6384888707247389
0.7569221782233164,0.758787343802541,0.9555979019737278,0.7610562458999444,0.6824681894904857
0.7505035139101217,0.7470820116684966,0.9844501949264055,0.7567832105100853,0.7446342315490708
0.8719021447470492,0.8636511586574034,1.350181027319233,0.8975843530188936,0.8326718307103161
0.7522472623713542,0.7498471521939915,1.07212618705959,0.773367229683065,0.712478271537738
0.7977936395065278,0.8153737595756826,1.1873500379752295,0.8327933487869071,0.829710591642613
0.757474208330848,0.7512762685818061,1.0332554123092375,0.767686796665456,0.797555496720719
0.7558377354294128,0.7561724596908292,0.9794401910764992,0.7656908583589588,0.7728645109446292
0.8483461344484277,0.8410604913481347,1.252073629611361,0.8572008276506072,0.8237192904632686
0.7264871350558585,0.727231754664467,0.9653998859703629,0.7363718339348532,0.7447735399681046
0.7049542078193344,0.7039600776395872,0.9389021935281721,0.7137939451288559,0.6915161320819077
0.7402304094843067,0.7405917162240886,1.0367175032965297,0.7485133419457529,0.7543253989684227
0.7689910579409774,0.781495598600768,1.0263518326050565,0.7893771352739917,0.8342358804693515
0.8192444575745043,0.822500198228855,1.1731140634667074,0.8355280536000057,0.8592777528315925
0.8408608823359213,0.8425367923705104,1.2588492167235796,0.8672429661855156,0.7987996057085455
0.7906900521216019,0.789415387313316,1.108608396604804,0.8086692085349768,0.8857563484650203
0.8106297038843847,0.8186278242784685,1.165969505611098,0.8164564313042969,0.8831367887843505
0.8210797972127027,0.8392056351314997,1.2230481756572136,0.8494802927359951,0.8337123930928141
0.8818927298749976,0.8783640929019249,1.3196764410393684,0.911892390536775,0.8028550013303342
0.734456675677154,0.7384945887288759,0.9940076015541492,0.7498292434091975,0.7610127646693959
0.8363232005039272,0.825139030083762,1.1575766741989206,0.8460627473003655,0.7678779357533217
0.8289554244905898,0.8300851413442619,1.2037818766935842,0.8489489261726292,0.7366533031179373
0.8051088642654645,0.7912454158144329,1.184356795193363,0.8387049379520515,0.8773763806216119
0.8077666383940086,0.8048713208758035,1.1497419776990374,0.8155752692292239,0.8857885569278772
0.7217920997749229,0.7154684443327818,0.9405474972587814,0.7352123943785435,0.7239608468790623
0.7753201094057837,0.7773084303194387,1.0784974685581483,0.7894102179103651,0.7973683266014561
0.8175735799753545,0.8246177560187717,1.1081384946592927,0.8332920001280166,0.8295947530353682
0.7871658151718792,0.7832060119424862,1.0799535343695679,0.7985295521836087,0.7507357557875413
0.8876289829010956,0.8932126084191286,1.3244301892410628,0.8999856114810091,0.8428084318163521
0.7723049880799546,0.7749293065488625,1.1224885587730375,0.7991584267013925,0.8280488983083875
0.7648917943171303,0.7699905449449835,1.0341461972134172,0.7929143860384118,0.7365204576469299
0.7220898107951317,0.7259929308217445,0.9389585296043655,0.7359560750871526,0.7069431439636015
0.8534125089080611,0.8684190478509755,1.2666604678234645,0.8725274365694373,0.8488627436720042
0.8675636778461604,0.8714319874394827,1.3730368342514405,0.8899605966162547,0.8678144303603128
0.801806064405616,0.7946003528836509,1.1877853389949775,0.8231937682549348,0.9030299068166976
0.8316445013946345,0.8318804945991682,1.2815645978484325,0.8696233554943156,0.9176559504081178
0.7782285257864557,0.7771403992385774,1.06021422736324,0.7861485355055965,0.6995018365434447
0.773185534862295,0.7708010562571189,1.0919534311277723,0.7755425940155382,0.693433405288924
0.7877225088070022,0.800924107803512,1.1474887433864644,0.7903806739643259,0.7704996422898802
0.7343623456587957,0.7241492759292222,0.9895711386016482,0.7400604497386377,0.7236801423529787
0.8289603401865535,0.839146196006709,1.1775465208903517,0.8392401643893745,0.8645286624909484
0.8197518490420916,0.8474693113357603,1.2431705577351186,0.841985842535202,0.8308002050467169
0.750304374906816,0.7664562791310395,1.087763788520307,0.7664220082913166,0.7445111931344999
0.8065434091964623,0.813322486999049,1.133506857888039,0.8207842133828298,0.7410638784915566
0.735038635160475,0.7454826926853237,0.9969853995413192,0.7586270372652766,0.7649733685432839
0.7720768362203012,0.7677581294414648,1.089489633112646,0.7863541738308286,0.7733524056420891
0.7227203484640975,0.7210633680437065,0.988062960207979,0.7189170086724376,0.6620875802599423
0.7922719195015303,0.7962560680541085,1.1527797602893584,0.7961054859962354,0.8449854559964308
0.7945723168312507,0.8100567491374518,1.1262812639964457,0.8058680034109406,0.8301364490313938
0.8478741398146181,0.8417302217853044,1.2297898706719068,0.8603535511745053,0.7373118130662926
0.809742725348125,0.8104391544786299,1.1191160200437547,0.8172568308096345,0.8129497072086543
0.8144266091075093,0.8103524330505528,1.1105486316392974,0.8304352689942441,0.8787476003449924
0.7808753691757839,0.7932943461479032,1.073617075956177,0.7946810523646852,0.7454405316502583
0.7364176420209111,0.7468489280595288,1.0331972424234945,0.7485010533349702,0.7367014174159343
0.6809343556353487,0.6865790962352147,0.8497453173740799,0.690803973320143,0.6961045425018635
0.7806230813715419,0.7874261645256023,1.0896910343891966,0.7927329801687636,0.735180655364041
0.7451527385543231,0.7409756013270645,1.022239028298405,0.7478729447566013,0.7102294247084732
0.8745878184404284,0.8807747118807897,1.2973453284704641,0.9005505475332686,0.6737475487069321
0.8331898820788944,0.84764400674451,1.244720971682725,0.8423005215928415,0.7649827031009245
0.6895228257904102,0.6860655975650987,0.8517639315739369,0.6935289819140402,0.6937286435004681
0.7861045571346398,0.7870948465914286,1.0973693270902931,0.8040369943421389,0.8349813235795807
0.7364398505406137,0.732532988791346,0.991653543193043,0.7515790633327634,0.803790750391104
0.790681652241032,0.7871237667411326,1.0801661430483038,0.7993661216346473,0.6531531253208467
0.8466081204084278,0.8502959252588976,1.1689441521551682,0.87245557526134,0.8330863971460545
0.7524692603020535,0.7497554136402163,1.0767421250865954,0.7729028661686526,0.7131659506861305
0.7060610084253929,0.7068729311804128,0.9066515497164773,0.7143434914333824,0.6882292718161827
0.763178512776902,0.7661273432728115,1.0220866196262317,0.7753389748493074,0.7706149119616124
0.767901450694021,0.7688533962786349,1.063740685315837,0.7817981782423776,0.8719872740202639
0.7665586579933475,0.7685253092913044,1.0374012024183092,0.7753915139714661,0.7584514159369332
0.8089308291065826,0.8081257097330057,1.1874881873030139,0.8206208589603576,0.9185651143487215
0.806644621526231,0.816202136686668,1.1090989872274073,0.8170563036121233,0.7464749577979947
0.8490886474591344,0.8416155192549799,1.1946411529969736,0.872200580787907,0.8236800786105243
0.7499526484453372,0.7555179603680311,1.0643866346094228,0.7786226337776192,0.7822954234673359
0.7685580267356268,0.7680128388298403,1.0138842400674455,0.7848164015066311,0.7777175708815037
0.8203136854581412,0.8340770504112138,1.2392867338311708,0.8379333341512456,0.8298092939729479
0.766656027796035,0.7597739639137198,1.0491506195669031,0.7910789378999166,0.8024732469945128
0.7384827038374201,0.7458982983725045,1.017942980980008,0.7482553336358265,0.8428048619812579
0.7421170704884094,0.7374867272683033,1.0608390844234497,0.7528287928345968,0.8693655968969921
0.6631052136467616,0.6658708425502567,0.819784116941518,0.6730135924349397,0.749754265061556
0.7807322815712749,0.7823343417111728,1.0234513900531037,0.8039860244643497,0.8295075019805315
0.7407019459018526,0.7556974676508103,0.9698259604020026,0.757704852719885,0.7406215965840843
0.7901102454313841,0.7936474038427485,1.130324485438258,0.8237590234300026,0.8303073283092662
0.8008176785008131,0.8024816595379477,1.1285095543198755,0.820718060096549,0.7697558959212771
0.7664340821919012,0.7667837569265413,1.0070101204274555,0.7751743400255101,0.8619270550927008
0.7660201733365728,0.7559205537522318,1.0267807597051668,0.7828495151573622,0.763916579659604
0.8778501701458831,0.8530756360376864,1.3412504218485033,0.9130634850439859,0.7415418275629512
0.8559654339154008,0.8592200634628915,1.293062940461689,0.8833643945298748,0.7787374202706459
0.7197276254649341,0.7182715157412987,0.9604377747348436,0.7317113275288123,0.8374684298287414
0.8391027332364781,0.8262037771838519,1.251775460527396,0.8579636453749194,0.79721993162727
0.7159596557352096,0.722278230359423,0.9500851235849986,0.7278072533494006,0.7732891280140813
0.7357212993188695,0.731752703965195,0.9862335483661061,0.759302341845181,0.8339765402172626
0.7872593775088693,0.7949521419530771,1.1124150309228917,0.8110817925277066,0.74535289989602
0.7649596212828929,0.7705103216368658,1.0499673724597394,0.7907756391503653,0.781275798999256
0.8385727467503028,0.8271234974837702,1.2485309133236902,0.8728831584983658,0.8918857794057651
0.7608124939502154,0.7607505066038278,1.0378071212689692,0.7742023377680114,0.7815107939107109
0.8091539145158684,0.80928683960797,1.1483697766553076,0.8330849184170184,0.74078647284601
0.7352695691867649,0.7346169596091913,0.9904948134368191,0.7461741041343722,0.7445255213808141
0.6111525975611513,0.6108046289816054,0.7194509402149684,0.6169164599090069,0.6879355610859922
0.8199104098142719,0.8260042627769643,1.1393839018029928,0.8275959224178285,0.8020106792045766
0.7642121671308232,0.7619235890951094,1.076356868592356,0.7810514576243125,0.7271840020602125
0.7789149771925186,0.770729924013084,1.0915558873571387,0.7963817266159965,0.7442013233894386
0.8092032492790001,0.8213986218602821,1.1427569159294015,0.8163460722618173,0.8054009202663166
0.751944041003967,0.7452882414265899,1.0364804474042142,0.7668584908013071,0.7729788707187514
0.8369738433348483,0.8296003188607829,1.2197722315827053,0.8422621883719611,0.7977838820361887
0.846715875499577,0.8439051885353729,1.226697188869442,0.8732399251753861,0.8896335649397052
