Error_cv_ols,Error_cv_ols_c,Error_cv_ols_c_r,Error_cv_ols_c_s,Error_te_ols
1.3028790402008175,1.3060136309708454,2.9267118701135364,1.1867585811553543,1.2086468495256026
1.5199996284176036,1.524300358066717,3.8565000240174623,1.3634126165320093,1.3041378075884065
1.2486937885345486,1.2520635896317738,3.034654238815584,1.109396501040611,1.289438045906257
1.2662913328019738,1.2702628496857686,3.378264701785448,1.1255827210096685,1.5433783362299762
1.2642572833063142,1.267861771761461,3.133574323202999,1.1312181344899688,1.3607674355415726
1.3160855128156566,1.3196576466340937,3.1576324258488055,1.1750677084318766,1.3266557573153235
1.3324963940278283,1.3363621285978267,3.405533650905249,1.1810527189449338,1.5211149560821822
1.4091224301693215,1.4127181444491506,3.2055691666295925,1.2697537508304353,1.4556241621809816
1.260014703081656,1.2631950786800703,2.984930880573939,1.138154317692298,1.3911069431803742
1.081126229489747,1.0829064861264306,1.9730728377810713,1.0121304894385887,0.9655651968528866
1.2360632748378926,1.238962629401516,2.760513453893408,1.1160293613549064,1.1362164694199715
1.1851603276177043,1.187708089321838,2.5265023001068863,1.08485969677063,1.4140590540372209
1.4013849323802425,1.405921032565455,3.7687513394722028,1.222711053482246,1.4591942334182748
1.1859629008709143,1.188123734653181,2.3276297438108142,1.0998091622401354,1.0637636926065728
1.3697732906460605,1.3737809293629875,3.4051265355860787,1.2212816718014556,1.5902926240639197
1.032328740980066,1.0345867815886114,2.260294550932688,0.9459297616899751,1.0785848183741216
1.4166103986970922,1.4208263136348518,3.655692299836667,1.2568561228565667,1.7374372981592348
1.1058736358752663,1.1077420232925528,2.082650452748603,1.0265133202475754,1.096744799763069
1.353403069731922,1.3574478252395747,3.404320880618007,1.1997397200766922,1.3410581965904362
1.4043246582872144,1.4080820999405168,3.412014344870761,1.2652110743267133,1.2222795715928925
1.3147702547043003,1.3183906205745934,3.2710728919588483,1.1798688064673424,1.2495936142161241
1.269578072651769,1.272564937486767,2.8127123139405774,1.1513062389331423,1.2985742868278993
1.264891598366114,1.2691336871834862,3.6131239386000082,1.1100821382933552,1.642349251253033
1.2560491678797356,1.2594940876098046,3.0882524348158595,1.1119986720402495,1.4345219125243651
0.9536859989914763,0.9551862154964238,1.7307730743675696,0.8956286044452666,1.1250601992606508
1.206069344341297,1.2090738637928777,2.8107743903409217,1.0788509654744578,1.2847009371571498
1.2067297262984864,1.209473326073327,2.665188980423401,1.097647372397553,1.057743852754841
1.211607050673394,1.215160829841724,3.05146651143749,1.056753178841198,1.1079412014112282
1.415525498990288,1.4199501408174098,3.7213276171439644,1.2544806780846285,1.2944403548630665
1.225457315777643,1.2281440910520138,2.5565467881302646,1.121964421093902,1.1372890765773844
1.1349481096556875,1.1373387938725454,2.46473525819908,1.049877101892703,1.0979495759907463
1.3329695977865388,1.3370624149235955,3.636705231837185,1.184755832047021,1.2416082727703133
1.4163249861185525,1.421093299039883,3.878619122601392,1.2167519424601103,1.4376056707463878
1.3926882930612816,1.3967225414018967,3.5282277391900716,1.247152805421178,1.6537656076930087
1.2800181751684303,1.2841973530376378,3.4962886415187464,1.1217098152734881,1.3914032105761491
1.458035005471624,1.4624984776373589,3.69686465230322,1.288924162218655,1.2935280398790177
1.1488207911701807,1.1514407233103028,2.491775084818495,1.0508144642061912,1.2927562854708745
1.384783486581425,1.3889282606900615,3.5583418857709503,1.2344366340036443,1.2323810951277054
1.4042112304698622,1.4086606431507815,3.692855319979145,1.2206794889506918,1.2818000087933297
1.3883820000661218,1.3932589149288734,3.9879090022052273,1.2040741434125461,1.2294445224467128
1.32132770483931,1.3253861670421765,3.5402576780270483,1.178669030182366,1.5897274295177652
1.1371402043269576,1.1393597724263136,2.2822480555681004,1.0548731881841564,1.2123257755829793
1.1967989966418433,1.1997931614484219,2.8780783808098693,1.0667161892026,1.2296692276038694
1.419205568968961,1.4230780647311236,3.415021236319655,1.268742509705636,1.7393524717300632
1.0679007353747612,1.069519939419217,1.921550466853264,1.0104496266381466,1.1771213469899042
1.3704018728674128,1.3741386617966784,3.280473259419274,1.2231763114642271,1.2389191246590885
1.5074601793685265,1.512237274683493,4.0216566152498245,1.3235509467814282,1.666872952990631
1.0733780572865215,1.0760400285652676,2.461551311494514,0.9714443686034688,1.0179624359630925
1.2779066147460227,1.28138024237915,3.0378900868189653,1.1465537607300882,1.531215892779951
1.175201406832412,1.1778546649953117,2.5826207096498623,1.0736810524548777,1.3598178862631825
1.2972110099133098,1.3010807483193259,3.4254986923970936,1.1614825794530237,1.2153773580892904
1.3777724997483767,1.3812979014999114,3.156208701674395,1.2457925406312405,1.4077077808962775
1.3394556142334393,1.343011839944149,3.228477944904312,1.1904013363280168,1.1780648740552664
1.2557821950361454,1.2593502817752278,3.0507296726601725,1.1275273609927852,1.2602512026668562
1.337687489722189,1.3411460255128667,3.1499278868654237,1.1966412780635047,1.2216044682260079
1.445079357638931,1.4481499212902007,3.2035628396635802,1.3168079793538303,1.1052756707738445
1.2854560520621672,1.2889736134489476,3.141342001163353,1.1501221061697222,1.4685990490343213
1.3314687304096369,1.3355154712120225,3.4478136133286137,1.1715365342674329,1.5184155437423636
1.4516433555623707,1.4571976680520426,4.418919803837627,1.2434276610935175,1.492211807375825
1.1157236386080867,1.1183710922929568,2.5461606443714193,1.0082959460868104,1.3202794340259685
1.5259782198212117,1.5307249633343614,4.136082220409314,1.3357828066946205,1.4071185910242006
1.4288571754339716,1.4331583628614508,3.767342720345365,1.2550976931822149,1.1595401425445842
1.156294315607074,1.15822740581745,2.1499825688343095,1.081725991384372,1.2658257083704778
1.2646291111289296,1.268061211360658,3.04896204216905,1.1454505000337467,1.31979641172287
1.1783455542348138,1.1810610844862637,2.645037256736781,1.0708971596271157,1.1935406844285392
1.3088192182329972,1.3122201023486886,3.078637984347301,1.1631364609241008,1.3118204334725287
1.2695568294413466,1.2733227782516472,3.250404271627044,1.1165197602561034,1.384532968458127
1.402580674015266,1.4068810229221171,3.6200494821058458,1.2420937054347096,1.557912586964671
1.371259904302465,1.3761074265526891,3.7474024540343924,1.180827601693734,1.445141814653131
1.1494051021017513,1.1522476650157656,2.5756473109839186,1.0416637246932956,1.2351351660379422
1.295411367753332,1.2986763880520793,3.039441752442812,1.1714671465673319,1.3388915732251354
1.1267386955878618,1.1286935994820604,2.1909210706951896,1.044771559463026,1.1721767838674964
1.1853343191779115,1.187955256517341,2.5827469732842365,1.08497890767682,1.1803499060852627
1.1629663920380706,1.1657306554527114,2.5752971738859127,1.055808616912653,1.2960404739030114
1.2695418229416668,1.273833222969338,3.568278293503769,1.1059258245970474,1.420918152802803
1.3296986145159324,1.3337806278284607,3.479744892626145,1.1734346887797638,1.3607499088628832
1.1203745262987306,1.1227260579183969,2.3393503258597352,1.0208588171996948,1.0869502001486664
1.1890622768067276,1.191844027756325,2.6153749193426785,1.090023955707786,1.0512666974837612
1.2609413484279628,1.2650723307363791,3.398907307130905,1.0927957773812378,1.4029943629422221
1.3925300082120466,1.3966087883104015,3.457538761857461,1.2398821134608358,1.3973936247535101
1.2412199134163384,1.2438756656713548,2.551477700592532,1.1402179662371885,1.2598723662144926
1.2433360781232958,1.2464348119016777,2.924718810060508,1.1254148357884537,1.295069842728715
1.2764248304310668,1.279584735208515,2.848788703313731,1.157401981716714,1.569669649129245
1.2493466076388076,1.252177373600427,2.7828163100855203,1.1330752587162694,1.1768519311155212
1.3646303451548476,1.368086070027031,3.1814016150267337,1.2338017405011177,1.5160755495138383
1.2520192428437997,1.2556837491625832,3.195711897774028,1.1105810608979259,1.2094186940359988
1.133400961219534,1.1360566566885502,2.5432046745241292,1.0316460883439975,1.1291079020438612
1.1839168643059965,1.186940769638331,2.7442205709093264,1.0736599539509972,1.314795500945448
1.361203086835864,1.3652553229916415,3.5262458592452846,1.2114652647955912,1.2067428980593475
1.2959328269280845,1.2990512282908657,2.95094685506968,1.1597228531879311,1.1750597070317175
1.375270190783225,1.378872737409034,3.297785745132817,1.2378191081111258,1.700502522024795
1.2856439947046405,1.2893717578235586,3.2458030424369744,1.1342166609471651,1.1366089125536287
1.3565276679618063,1.3609233338459317,3.6621459888807504,1.1870321124380199,1.3925151416577461
1.4794916025575755,1.4830549502431924,3.399442231314721,1.3466092447042721,1.4550272349528652
1.196808907230839,1.1995852386602655,2.6926994500197976,1.0882138439801239,1.3622114014792597
1.1637104958561597,1.1663967054638948,2.5393018783469183,1.0679222131337736,1.2629647497403484
1.1479387444580016,1.1517687447388243,3.174935483506518,1.0075524713896984,1.355040867407015
1.2501716783731505,1.2521174043532552,2.2270189593090155,1.1782961582286013,1.1854662518241348
1.4108716935682906,1.4147989251734734,3.5474597896789324,1.2421323305706353,1.1720196068345148
1.2764254633973444,1.2799071135048754,3.048660839534179,1.1306818788050228,1.5219939398120501
1.3874018549312503,1.390171577746924,2.8647983881200862,1.2823162573592497,1.0726237119935866
1.2810797499794642,1.2849197497039933,3.2571442160806177,1.1375453437554397,1.3182577141953644
1.2175076482169824,1.2200010703007607,2.4517361996782903,1.1273328117852424,1.192801093552564
1.445842665707679,1.4498411270416407,3.4991704471027556,1.2819390662324446,1.2703957491530695
1.4198583480183729,1.4242558062691333,3.736159515755952,1.2460859553575405,1.440520015626663
1.316702149191941,1.32061265639978,3.3294615703598733,1.1723082267176974,1.3417876219813238
1.3343972017538934,1.3375108011167578,2.959651906863785,1.2103841400606181,1.3529273912404802
1.364102640217622,1.3676538860940421,3.1425131503757378,1.2240149713119206,1.3280732274695475
1.559845588980066,1.5637194165388941,3.5364923992170096,1.4114427335325148,1.4251143589298274
1.155076152033223,1.1577766870538884,2.5819487779778534,1.0474632610643102,1.2918016672019599
1.1969665862537313,1.1994491046789078,2.4807545059203964,1.0919052417177533,1.2224405143463453
1.2804466869221032,1.283270793077831,2.7547527292852347,1.1623455080304814,1.2896902780219257
1.2985762441747317,1.3032123269127722,3.8638999207408937,1.1133071899933458,1.3436225404398399
1.4148393961945602,1.4192706036450697,3.6600206440450913,1.2409167164635961,1.4395434892172327
1.3225603381139028,1.3264896119362621,3.311914065783114,1.1792174972751495,1.3478523071332917
1.2993982981887133,1.3045015955731945,4.010971579440134,1.107589155687295,1.3624575422463103
1.3660546079558342,1.3697035162882443,3.2926572115487462,1.2317960674915078,1.3423307108102178
1.323728552905948,1.327079606504633,3.076924729049587,1.1962424634320359,1.3368747852002272
1.234474011491713,1.2376043400864056,2.9117188773716762,1.1087193550547092,1.2979590190466612
1.3644932929419242,1.3687818055130594,3.707261573866293,1.1962487123450904,1.593336779859873
1.3154367689256499,1.3184807426455876,2.9195632421099242,1.1971434947386266,1.3431068069149454
1.3041875209316234,1.3085127936824685,3.6698672385993363,1.1479073027641316,1.2966510222361238
1.4857169486115442,1.4904832844420552,3.9268820180317654,1.3168660658804654,1.4079726722703596
1.1895437228173464,1.1921777750339408,2.5991163430460187,1.0820071284886088,1.1583604445497526
1.1831704531995892,1.1860907382208208,2.6683898195151565,1.0732926909283935,1.1214479987685553
1.5007931463574309,1.5044341229571236,3.435775874702699,1.3578354663733347,1.6323612573863846
1.1055585327404212,1.1079785970389686,2.3340349415884507,1.0106977588708452,1.0542463459236218
1.2889088256256873,1.2919263656927151,2.9536917733939667,1.1748440758458838,1.2634205215951297
1.4165849593294777,1.420888034340569,3.539269156393945,1.2418167627737506,1.3620541868639164
1.2153057197846455,1.2182647449432231,2.758640666116008,1.1106157638817091,1.3199110872009883
1.3255466440061217,1.329395130021988,3.308733331829761,1.1751777135281352,1.254727437142906
1.228020299525542,1.2310887669621813,2.8539724407027878,1.1108591396049072,1.0640681608845282
1.5407333857828776,1.5446995901930323,3.630103681997472,1.378002862363942,1.3742080925389328
1.3547091186916738,1.3581544668669212,3.1820031395836432,1.2206611454103584,1.2241990178053093
1.2240324997873624,1.2281622336768026,3.5295423708168148,1.0675848120467482,1.3637697177703672
1.2944671563114512,1.2972955580346661,2.7628493931700477,1.180863079020222,1.4795516783277671
1.2187740810588996,1.2219907097610627,2.878359901438147,1.0964433094266326,1.5027914673542093
1.1997211771943113,1.202743588864539,2.7076166430450197,1.0902306205244794,1.356689041931111
1.2788736191153458,1.282962385263766,3.3712009936318825,1.1232733175537113,1.402849574535289
1.3535077022721909,1.3576497753317895,3.5007960835501537,1.2021485408250763,1.536544439654753
1.2968658941242361,1.300196935511416,3.00286336497229,1.1697536803873863,1.3254891254048573
1.1584119836255626,1.1613881000153965,2.8675166111854073,1.0414350871470428,1.3179490475694462
1.3895740468035362,1.3937739541898169,3.5967557430169816,1.2292521012973956,1.3788405111760758
1.4066181293457172,1.4113995023923347,3.9722476229959915,1.2200466024734555,1.4605697901037524
1.2058375073775005,1.208669026439895,2.76015179586419,1.1030209551835206,1.3226265333564917
1.331526364776226,1.3344661137453409,2.8725127058684414,1.2277147475011645,1.3096617928824894
1.361894777373267,1.3652490281810887,3.0324046553585156,1.2392068679100061,1.3665142593537871
1.4165455893018255,1.4208929498905014,3.615299884272016,1.2267375637978943,1.5250478038863693
1.30245676867801,1.3057351115310283,3.0578566559679463,1.1770767661024848,1.1727520530218378
1.4130214262262395,1.4172695763187486,3.562188580387671,1.259192408472608,1.2665248552527144
1.3944356763818837,1.3982293841292708,3.3640517800755605,1.2490152412324258,1.4282072486081265
1.2687439655237576,1.2709240292036343,2.4424186733776434,1.183726874785995,1.225549888994475
1.283911295807254,1.2873633132952822,3.0585207105559125,1.1516164338667818,1.2685499756677967
1.448332577469977,1.4529558506273164,3.9886599652132184,1.2524428793010727,1.4860030004830997
1.3248815601854722,1.329608018617228,3.6997818997543495,1.1462414168872832,1.4974068062752552
1.316385996302679,1.3205640644929146,3.4535425030851976,1.1528291093683327,1.384911771459283
1.2472153360885736,1.2506772582227867,3.055525196138704,1.103545409867172,1.4057281380322142
0.9673648233092057,0.968907253790624,1.8079948529597085,0.9082462232505737,1.1138972065261867
1.1083989663882874,1.1104688580872122,2.1944973292295717,1.0322738604594155,1.242053452380263
1.1832444281514796,1.1856149714325352,2.4070693543141903,1.0919246745849438,1.1701467001185704
1.572169195903283,1.5759797911762894,3.558952690222639,1.4380990617083544,1.343973460955189
1.4434937459542765,1.4479376014762162,3.786551555561757,1.2672288682777368,1.8622412012578875
1.283984834661077,1.2869309036498031,2.72554231129065,1.1660568561989042,1.3081924164302248
1.493389386340104,1.4985393545953078,4.261654514548972,1.3006522553641862,1.4032612223978567
1.2032746511987003,1.205879377246572,2.5563512443725163,1.0993015538403281,1.3538461879846542
1.1325719677585477,1.1354691682579308,2.6922803362631584,1.026265679912743,1.136792057596586
1.4135483663317512,1.4188893136204226,4.326951712885956,1.192637454656864,1.479379847804042
1.3285094913755557,1.3325978231165885,3.519388854886222,1.1755079740009702,1.2425835321703116
1.189471686075346,1.1925444680892923,2.792779691827665,1.0780082580199053,1.1788723729872952
1.2520421904745371,1.2555860552274807,3.1653030166722984,1.1186008804494796,1.3740238537819114
1.0132819235042365,1.0153753576912268,2.0775191364687937,0.9312214170371784,1.1441131027658333
1.1663859505473815,1.1691089185348182,2.5786701703796346,1.058364173893973,1.1879185950753217
1.414466752180044,1.4184126065227824,3.534623147408598,1.2705630878823746,1.6055464820346996
1.3301682754738826,1.3338226110523155,3.235234486658385,1.1916925054216823,1.17034147522162
1.21300694842569,1.2163026757505697,2.85491830490181,1.0962223297319948,1.2962504924729872
1.3380977193592052,1.3419523160794535,3.3055842254962657,1.1955341063127347,1.3998990636016257
1.323447008976414,1.3275527051960516,3.470808401340485,1.1562620784767907,1.2452015892012742
1.3288655162746403,1.3320768809566765,3.094024986316987,1.2113218882763133,1.2855404026632846
1.460569824524939,1.4650061601396578,3.7728145057837184,1.3059468933574383,1.341001557697539
1.2515908503835764,1.2550158657127892,3.034112256817507,1.1295166037611968,1.1721078361155155
1.1377864135477136,1.1401273476090918,2.3842749107334402,1.0470482872585123,1.075795191738293
1.2334222099367265,1.236336191942621,2.7599879514029233,1.1308399963571745,1.2294619299745038
1.1140676491828327,1.1160017379152953,2.114106345611984,1.032174009316309,1.163838467233221
1.4599722721253907,1.4645701437392846,3.7527366113246594,1.2880523415339664,1.5324158805145183
1.2468035068824916,1.2498818286019322,2.9139424941793717,1.1125165185123125,1.253091107417364
1.16803209578414,1.1712147711218779,2.774304101614005,1.0575749350883255,1.1388269427523336
1.2320886532055522,1.2348466226429309,2.637438947880491,1.1235210218380354,1.484310206501275
1.130837655895035,1.1334003619648132,2.4451041128216864,1.0326231263597303,1.347487808951712
1.4832949991949724,1.487184808012872,3.524584344469973,1.3324043432955994,1.5760219348066735
1.2027062249968592,1.2054908729970688,2.651727615019654,1.0916849030547808,1.2371500469747134
1.2467724016910986,1.250486732985825,3.204142388115644,1.1133832959893515,1.3199960697416182
1.3831271434822185,1.3871815024739524,3.524039907573041,1.2325815405953886,1.1430364650794917
1.2315872356717583,1.234251959670684,2.671796216208669,1.1326864682571829,1.4667971665336474
1.31693634841472,1.3194871072201568,2.51303245300293,1.2169360350290594,0.9429234258988515
1.3560527127676092,1.3602589341166997,3.5090667221304512,1.1958178086950684,1.3008143581866565
1.1767204626260948,1.1790977330141672,2.376244050110847,1.0823902741940146,1.0381961267287445
1.3485648361560507,1.3532394113676394,3.7691471622742716,1.1517112851970879,1.4772360196220038
1.4893646322634344,1.4942674954041444,4.007512937480842,1.290287036087811,1.250720677460739
1.3826535868489895,1.3872049135213527,3.664664496121664,1.204442843394104,1.332225134668219
1.3710425672372095,1.373803217373029,2.838451872483381,1.2718828652123728,1.524046680168851
1.3109443292413951,1.3139290250201154,2.797636559819722,1.2069746464839273,1.6550160683521207
1.305224243997893,1.3085224771074007,3.0060850264355983,1.1779770068032431,1.2388556765898624
1.3244524596614575,1.3279552167956943,3.232532737647672,1.2046426597933284,1.3829711806907758
1.1690398097306445,1.1712585882876951,2.354277067130587,1.0868320936715843,1.088203777279339
1.2580731404431393,1.2606616094301875,2.6474526304761863,1.1560563038860001,1.3607477586032959
1.197113300045042,1.200331410017833,2.9334941954530818,1.0659039705435331,1.345066689293387
1.4993704800095446,1.503799103623862,3.964926886942382,1.321212340872054,1.4624217409781057
1.1929836750276221,1.1960807645046623,2.8142981386318375,1.0672469812128473,1.0084103224846823
1.2320866136304516,1.2350741245349062,2.761943325192152,1.1291844580269965,1.3527423354991466
1.2702202145513448,1.273594027028772,3.0611559542925466,1.146748045968639,1.4624345402869747
1.3092371985211735,1.3131041157642838,3.3436531829609493,1.1571446625201507,1.4030694263566883
1.2955173869031178,1.2990190714925325,3.1189901980568644,1.1617986316342452,1.482085878775265
1.3493399375352542,1.3527602161765846,3.11389994049531,1.2104543992504913,1.3280036914711297
1.514542606492642,1.518157388341801,3.375501288712451,1.37543201802223,1.767145591140291
1.4132446567164432,1.4168313271888502,3.305739531916579,1.2834536283226732,1.5777587591777282
1.4331020176304547,1.4369303766016297,3.4562681721502466,1.285139168153683,1.5576465855461956
1.277408918509659,1.280213462299582,2.715825930719822,1.1648785999437004,1.2552655033450348
1.3221442296193142,1.326056885388893,3.4650686716436248,1.1769333446059864,1.3236454618054856
1.2685948938881375,1.2725606365185163,3.30095615830527,1.1182055561967792,1.2240969156740278
1.4145680478708655,1.418131212476816,3.3148499973416783,1.277060185747771,1.2940334527054116
1.251193669452464,1.254341227443057,2.934577954930573,1.1234842294240126,1.367153553267659
1.1387234928171077,1.1415881304823823,2.666403913157144,1.0338937001282438,1.6117655368352712
1.2663952654430517,1.2697926470460863,3.001086431891246,1.1401142688637251,1.3531207074598777
1.387155288883804,1.390507500249256,3.1411283199004165,1.2553844497595128,1.4893480564659565
1.1098115517184757,1.1121545254958096,2.340735241724845,1.0201345047494372,1.1758934907170044
1.3471249170940955,1.3505533160604724,3.14208432472123,1.2242984585521353,1.3407404619523386
1.221148702791239,1.2238559973507512,2.6446264943550375,1.1164026661137008,1.0419947362125686
1.1180164014201242,1.1201342436332578,2.2452845262721635,1.0292930565145957,0.9938479328524665
1.2499704636009685,1.253341682915259,3.0473304361390143,1.1162773551411778,1.4258881263946919
1.3920426714110612,1.3957134255456212,3.2459015905545643,1.2386171976167253,1.4561979912401262
1.4044195604571528,1.407956850557348,3.162279194438775,1.2647060517404323,1.2554702264575772
1.435638864160299,1.4405538702411935,3.995043039438076,1.2564554754750314,1.3720483713745812
1.2014016035254433,1.2045438419796888,2.882821221142672,1.0831085544819028,1.4263213533279377
1.3006925382915762,1.3044029444020033,3.247797980210205,1.1658818309380057,1.2893164127018901
1.222789628699828,1.226261654184386,3.0507942769664207,1.0899661784724128,1.1593354956857433
1.380558651735727,1.3843493578629984,3.315922703898466,1.254451312087617,1.235029528878821
1.290759691206467,1.2943586009418189,3.1506694112228093,1.1455019306188168,1.2633596978954011
1.5486599203233902,1.5527974389499555,3.7175183112068724,1.3744636308108857,1.653363801703331
1.3722682516290852,1.3762101899968042,3.5348507361274546,1.2106031016612313,1.3704720540753585
1.1147597423724183,1.117244554827944,2.4204589786746906,1.023458809762218,1.0591378119874937
1.387139026795852,1.3914271334247195,3.603226582978292,1.204661651096763,1.6121386494173697
1.28588554283782,1.2895421529868758,3.1491997110728422,1.1554947812791043,1.1593737586628614
1.3209795130789623,1.3254253405710021,3.689206167731933,1.138993879051045,1.3661693766829326
1.1380142899058516,1.1404366290228811,2.424223607874316,1.0392412589548548,1.2191010081652354
1.3442396380409627,1.3491284771444385,3.733812185778618,1.144610114781547,1.3836579604470278
1.2413420973419629,1.2446881358871404,2.9812857578768712,1.1100954918750467,1.4581296384170512
1.2412688045873421,1.2449071080500207,3.147740081406922,1.1033967456089169,1.3948121470925852
1.4306918287527464,1.4348394146565475,3.5417452393712803,1.269107918622197,1.4483784905541963
1.4124414382807748,1.4167545717650791,3.6970782559876625,1.2595013688584158,1.4725675436691075
1.1709437677381858,1.173114489059224,2.319135647410155,1.0816803288620722,1.274867356172529
1.1842453601437444,1.1873026094054846,2.783518685786924,1.0636988403422047,1.3883898818376956
1.1756054367575206,1.1780662914275675,2.505475241979277,1.0685346414634518,1.1907789589441404
1.4178843146832032,1.4215893282863075,3.4019851747864838,1.281998225949719,1.9645967927669254
1.2331715900501035,1.2359066569668697,2.677444121181753,1.1217528740596279,1.1681231247037664
1.288229418592804,1.2910333434944639,2.7410321926170598,1.1883118328126787,1.2850512659035995
1.1414619037275142,1.144330070156701,2.6428863324651712,1.0295431633816874,1.2110885779359166
1.0521593948987695,1.0539458551935943,2.0466534837344876,0.981441185806325,1.3540462787184826
1.3702924262754217,1.3743876995001232,3.5977835899843194,1.2232591084136812,1.3518544243639936
1.2328721790820145,1.2365422289892276,3.249644882613518,1.09219031775776,1.4302670863587155
1.3169003215750885,1.320325580121573,3.129807522934445,1.195271257003059,1.2324071149947822
1.1735171657756482,1.176921537208384,2.885033731320068,1.0423153900596653,1.2559063666452992
1.2324574426485189,1.236236934755512,3.251584424451304,1.076843981077204,1.398772825901446
1.365871523114866,1.3697855714544125,3.369485358798333,1.2141432859683108,1.374313849581274
1.2259352386325317,1.2290611668703928,2.8382889798284534,1.1096697826056876,1.3160265344909496
1.2871910041580568,1.2909321960253999,3.220781943232547,1.1504405542720548,1.4391901699748662
1.219653125412133,1.2231410523058575,3.1337753449413333,1.0809024932803961,1.3208401346531122
1.2100670439643526,1.213678741565376,3.0485294735908455,1.0797092060703337,1.1798914335347874
1.3601600586028653,1.3640860259967196,3.419050330203861,1.216974099996554,1.2813587246040188
1.3204834473557803,1.3243863392035724,3.3757689572934195,1.1752211340785517,1.3375727256612977
1.1537675805332455,1.156124225906411,2.439625041418182,1.0658333464241885,1.0968328546901587
1.1698112831985825,1.1732102237176643,2.9190788788229227,1.0391923102962444,1.16205023472012
1.3826067581035408,1.3866850582595036,3.50174354232392,1.2155587441589146,1.2178120540554032
1.3492516496710825,1.3538772577930378,3.729283619784778,1.1416850800221923,1.426908432474125
1.1746039897962435,1.1772180999436548,2.5913504319383014,1.0711805938858912,1.31202356890929
1.226731704138089,1.2302004301767246,3.10007483740725,1.0822911779432374,1.4946002625002162
1.2968279588786609,1.30006593008232,3.0039053417069845,1.166986973808838,1.2439482871883496
1.388994631564337,1.392828651608551,3.380806204949182,1.2402049910457893,1.2332396070346467
1.2737550282045829,1.276080019546304,2.4418259860630878,1.1914128567845426,1.2463249299828911
1.2915705538557973,1.2950930467521444,3.116974285003826,1.1490434437190742,1.1782396879597
1.212459506689078,1.2152347816908218,2.679252485323243,1.0997951825041208,1.088176718635733
1.1880065937373885,1.191059996412967,2.811430147295078,1.066176543101579,1.1955362503595033
1.2654696640229486,1.2691408549575698,3.192974840546631,1.1259851345380463,1.4411924546608075
1.1657154442247006,1.1692520864142089,2.9565940793792316,1.0424905671257008,1.249914819149409
1.369764667902713,1.3731002654350062,3.1203856572918607,1.241692282932499,1.431301352757037
1.3340503105897297,1.337922121835026,3.28544578463412,1.1847185503237103,1.3918759392466016
1.2743236482788531,1.2762443876148963,2.281235145219817,1.2017224220271163,1.1713124733920353
1.3836767858031804,1.3863153145769922,2.8488851761117715,1.2851925338370604,1.2089530569909475
1.0624470874661258,1.065134567162003,2.502530212740135,0.9632588458381293,1.0760952180936052
1.1276601809403748,1.1297425762711781,2.247568079123299,1.0491541095860633,1.0483892671092805
1.358149650457785,1.3604807169584812,2.6144160008752015,1.2634920664888998,1.2913277764192062
1.3598819530682116,1.3634588126833522,3.339879690598997,1.2285509621912223,1.2474830103455123
1.161582871775775,1.1646706813631844,2.8075116756612912,1.045906653842365,1.212435491140096
1.4314716985543567,1.4360602184212228,3.852966463114001,1.2353561532090898,1.527706212075837
1.4182721930634417,1.4216565682556128,3.246009109098195,1.2857469153626202,1.521015495216457
1.4010936472110873,1.405415195620662,3.5632654217895374,1.243062618884403,1.4672132339098143
1.4968992137654054,1.5011705041493073,3.717939805852973,1.3233696019209384,1.1620109159279866
1.2514756706441705,1.2553935336304565,3.344827315228056,1.1024743397626886,1.1625287062236023
1.41158466816305,1.4155867484047826,3.5604040095108793,1.254696797661566,1.2809468097683123
1.0148476869194751,1.016710589216362,2.017368888648,0.944314679087668,1.0958640448578447
1.2859568382669802,1.2896428001934124,3.235872224657137,1.133701051104019,1.300625956682267
1.2346101560070248,1.2381902867516283,3.173842565186903,1.1040760554085391,1.460801796363849
1.4274329955476803,1.4313599479770145,3.5527377786290573,1.2775765647865334,1.5146047634915003
1.236930675941032,1.2397641714548293,2.7045746547956426,1.1354557027995829,1.2616360856775986
1.2290228876226208,1.231819308648893,2.701908109253867,1.1173210389605117,1.1939229062309338
1.4141851537206631,1.4179417805898855,3.3529346977296575,1.265743509266628,1.2749786784139654
1.5285474539641544,1.5321761277103882,3.3382196512193927,1.387819228322323,1.3121661671952942
1.1142793237750064,1.1175166168140107,2.737425242126336,0.9848076981473706,1.04997591486933
1.3788418487312915,1.383068011449887,3.599410586699423,1.1898730053679487,1.4342896190771397
1.316564007649227,1.3204469629591082,3.287644659488861,1.1633798143383909,1.4054313133537648
1.3603761324185337,1.3634755625477748,3.0458136421740734,1.252391967875871,1.1908747103151525
1.365267987348084,1.3693076683633627,3.4828896278113906,1.211088786341114,1.2837897863376964
1.1390674724375653,1.1416784850033814,2.408593938870551,1.038077672929129,1.0718006995420672
1.4241967404887916,1.4282741023614378,3.4627885173915667,1.2589067031282262,1.3306287974744875
1.3907933067295304,1.3945614857055966,3.3918331565831163,1.245771009923432,1.3249035468476966
1.3511593718206862,1.3546706483825868,3.132503629627955,1.2205383984677098,1.267376687162327
1.2531553671090498,1.256538867892199,3.1126026656973416,1.1176913128180317,1.0695372407800876
1.4420650899888885,1.4455043505202512,3.1747337990964626,1.3136508616870533,1.1071708781886935
1.341399344947593,1.3449397882043945,3.136205085342665,1.2067721935045614,1.5126642026278565
1.208937759227356,1.211855582278393,2.796661704212605,1.096569569066825,1.5067578147384717
1.2195132201910104,1.223091007452401,3.1769944656290914,1.076554501995781,1.5569318637571394
1.414469697174494,1.419552900506343,4.14909932139698,1.2196691120391538,1.2899586787326425
1.3992540752462281,1.403311957643437,3.5069641466194668,1.2371142433861735,1.432392417200632
1.3019893335746813,1.3049623869163633,2.875692369274808,1.1945457386422331,1.5364618930797094
1.3435760179027867,1.3466518833982923,2.9572624269390886,1.2278933848097995,1.4780797704242923
1.2293167154196183,1.2322986133789282,2.8452608454029926,1.1167818818053887,1.3094696491311049
1.3813783309057817,1.3853028741250308,3.44663281046403,1.227990777367794,1.4582223866032227
1.3066254709866982,1.3109682382995207,3.6683449734154863,1.1363566799380471,1.3649749613901478
1.2288256830135613,1.2318357152139163,2.723888834580877,1.1207631932930355,1.319991793361473
1.197475484874118,1.2000585300587774,2.5931551560414974,1.1100511884242497,1.2951161424286766
1.4346324277128872,1.4385949047775701,3.5667162576884204,1.2762248102397404,1.3472318878267808
1.0489610923485089,1.0513484176259418,2.333282786929538,0.9552685104433825,1.293391028866529
1.3224332467129034,1.326573943512413,3.581232916369844,1.1467847321735485,1.2328482115115245
1.4187330123357582,1.4222709246693412,3.179854735524021,1.27902391911878,1.4190228318740872
1.3359095968513135,1.3396223612126523,3.2784669801188473,1.2032697430975248,1.4124433992176282
1.3604014283300083,1.364507586913959,3.5181148934719655,1.220176322033744,1.5256819580683463
1.4598575382828052,1.4632404387340763,3.259237857711021,1.3197307376493561,1.3650600706058054
1.3033891353000342,1.3069672056365398,3.118846812292434,1.156753114328957,1.5152677165913293
1.139396549633573,1.1422465296944007,2.5940763547117243,1.0167934189569183,1.1085185302080995
1.2749702415490898,1.278280366829126,3.0597479933933016,1.142912509763199,1.2188358986064785
1.3053785965365368,1.3089328978043284,3.110118554325555,1.1675118930724178,1.2801641030857995
1.2733389147005725,1.2769090588282623,3.2363615207315717,1.1351200375834698,1.2709506460401674
1.2552322548962502,1.2573523573285104,2.3917523531217437,1.1665556791085119,1.322518552708574
1.2647379988713123,1.268302536177079,3.0260200857113224,1.127877501095151,1.1701740982025592
1.316197634357473,1.320445706905978,3.43746295644594,1.1624085913058937,1.2831336536905573
1.1434172891111398,1.1466923607392066,2.850969252018155,1.0096525527873044,1.2177880198531128
1.4749604661455462,1.4788750151880083,3.5203027978211825,1.3141634074843214,1.3730107688365019
1.4414944518396295,1.4456633250323792,3.6224411866043553,1.2645878070359517,1.4197472818363481
1.5241160884075335,1.527831545965416,3.504514295274383,1.3725417557975905,1.287587883826675
1.2040388144479257,1.2071752258394406,2.7510085829336757,1.0852798015691305,1.2600666028993734
1.3473725035094462,1.3518830231317898,3.6109896348653794,1.1679925369742081,1.3109483674548121
1.0252979905019954,1.0270875162027078,2.01032211636087,0.9562145417947806,1.0516203290951984
1.066314666957158,1.0688854239209846,2.4064075653071715,0.9691679720592217,1.0133985663999778
1.3018272787505736,1.304340601113724,2.6321862690845164,1.20742066886188,1.3478693697112976
1.2765498974522476,1.2804790427016324,3.5015103052603793,1.1233480036812258,1.2872213673552473
1.491490333091069,1.4966234661841573,4.196985744385419,1.2999639036974957,1.243480894083503
1.2815674296924235,1.2848952902842856,2.9916104177335887,1.1629870872271322,1.4090792108860788
1.355462767923036,1.358503501386303,3.0290278182818273,1.2289125432808825,1.46910021226614
1.4895851276029721,1.4933238114044292,3.5156852025668655,1.3448920587110738,1.4430976190796008
1.3026995938178592,1.3068966613484354,3.571663638076699,1.1409903583095196,1.6465485480448327
1.2803661614662565,1.2844977963627902,3.484059305312816,1.1205055063611666,1.3755492479914015
1.0472138312540733,1.049016945567998,2.004128685274175,0.9759923467312759,1.2923997896105643
1.0987520824816512,1.1014358501695383,2.477898610293499,0.9945112397171425,1.4903900919726127
1.2004721237050053,1.2034389101987613,2.742601176955355,1.0834729783120403,1.281343805050762
1.5189789572385979,1.5228788296700821,3.4518919825495296,1.3730044543055775,1.268622549129972
1.4294183610099367,1.4343443473857236,3.9182039258464063,1.2531965815058657,1.3522613103345094
1.303229058128918,1.3072595016287336,3.3002606444139833,1.1354179743697388,1.3581565814416572
1.2165446689261172,1.2196516768132295,2.898595227994131,1.08994898802833,1.2869767796698441
1.042911445948445,1.0447443677238786,2.0321436638909707,0.973936985061829,1.1656444478590675
1.3200930868785654,1.3241963713256426,3.455796425423232,1.1550404765188922,1.2350745408153936
1.3984912246455445,1.4028880772515795,3.7472656166446408,1.2267628512907256,1.3440236453556094
1.1799836644421462,1.1825513374523642,2.490820828008149,1.0764978918207038,1.0296516308449113
1.4763289564080593,1.4798257640541306,3.301268171336879,1.3418461219484183,1.2811645302671304
1.1493071052912596,1.1519369397415333,2.537948514282543,1.0499322334141576,1.041719077551885
1.3459103614599128,1.3501920087141073,3.5415839552644792,1.1860790887440091,1.6243905249978239
1.1179431966001683,1.1206010439951837,2.547202845564764,1.022000430538844,1.17600457088486
1.2827271494338044,1.2858507289537704,2.966830259235011,1.1552982845551516,1.344833672340606
1.2826165731514552,1.2860847890922937,3.126594279771038,1.1550841995756227,1.412244336869073
1.5899053013850752,1.5951404419606885,4.341664807586231,1.3919826009457956,1.3942374953603747
1.3760130270964805,1.3800525165482285,3.439216579526543,1.2243132342139618,1.5139088603823925
1.4402649123212852,1.4444478233942801,3.6642595848980446,1.2882565676859645,1.7771978233505117
1.2976944257735459,1.301755560082012,3.3410731077490956,1.1328942886358448,1.3406529714549689
1.3079642749902096,1.3115675797465498,3.1529537622853328,1.182292048198681,1.1677682990139082
1.2332199700308346,1.2362060131852413,2.8384679568536315,1.106759310612857,1.4780419649933099
1.290773765796667,1.2944548067781423,3.2554995617312668,1.1480597504988466,1.4956639825791207
1.4921225831658387,1.4966314970071555,3.799052239018934,1.314199423591328,1.5428591223542727
1.2908809448953942,1.2948879987365511,3.407671538626304,1.1391944311650821,1.356483956628173
1.2051031940430132,1.2090719484032049,3.2995831995453937,1.0569530669052332,1.2537189485220857
1.156306887667464,1.158657457454326,2.367424859865862,1.0703002881980257,1.1531661032732312
1.3737971554270076,1.3774120962969794,3.2567522838407004,1.2322993943112148,1.4664274879759753
1.346809796853674,1.3502253155051245,3.194363084185804,1.2069183256097369,1.6662622678193482
1.1661486920645923,1.1689163569417105,2.5954541746067328,1.0628943136522928,1.0161849912859027
1.120376337082653,1.12318791497355,2.553293336432358,1.0103850374539811,1.1546018776927247
1.3510014296525896,1.354038899187073,2.9940414520362277,1.2476872371351415,1.4565406538455077
1.214969371468848,1.218506116502015,3.096125646151316,1.0838433680513337,1.2130762239096384
1.1741030817214737,1.1774277676629807,2.926652339459179,1.0440207728842539,1.334456549591965
1.263836522899601,1.2668344550391633,2.9090124978521756,1.1541793487892058,1.2916752506164264
1.0897639148935232,1.09179632247087,2.194895960700223,1.015470942350691,1.0758065814614923
1.3884210069415286,1.3926440137675307,3.6772320338316034,1.2402642248262874,1.3003864177586881
1.2125156688011502,1.2152601168635389,2.6885150556731365,1.094860942148289,1.3958154199020434
1.121148165964501,1.123538707408044,2.3505168724224115,1.0275622845728587,1.0767636982910391
1.3463576207042238,1.3502495747795513,3.397133783911927,1.1970834149467617,1.4773136882575066
1.0804329391590766,1.0829597662514474,2.4287065860728414,0.9792952353790971,1.3907203796393435
1.2356480151342024,1.238951353676679,2.9860097886939854,1.1097754364895214,1.0229132621992192
1.2670892568546288,1.2701841958777365,2.943489926037108,1.142187707990407,1.2496889380820977
1.239610448453872,1.2423691866890403,2.690087059249704,1.1379449263649597,1.407022680675501
1.3702204823747721,1.3747790851128705,3.786440258666638,1.1823229076428057,1.4994762726028783
1.3106221820495296,1.315082858788744,3.6382420960205732,1.1482444378976946,1.3180016051918626
1.3785866178796573,1.3826898254715283,3.4819048491151685,1.2141863821376535,1.4059135948554515
1.3008735447614828,1.3045594384870303,3.2710646935941634,1.1477642242220576,1.313278267637675
1.248195970082385,1.2507811617497944,2.4866667561214406,1.1522512497167248,1.3744756180201856
1.3529186167132756,1.3570373332819503,3.5355946474922426,1.1814611883915112,1.306948013769703
1.151929388087418,1.154792408181617,2.6777302651448656,1.0443377040797488,1.2488720395006752
1.1557794812807685,1.1593466966568953,2.9766896716243645,1.006035797752007,1.3903148483086896
1.1934793135365447,1.1971575427968195,3.1941658606330683,1.0488880659768207,1.6440464635234262
1.3159381412153803,1.32039767364498,3.6624933380511675,1.1357760194420945,1.3577083507105716
1.3341170679079801,1.3377671586083284,3.287220013353329,1.18309413029088,1.3852439707948976
1.2715483195961044,1.2754188756384583,3.2748102784014073,1.1183444099295177,1.5497890831400585
1.246356927227719,1.249482931625954,2.827214520364405,1.125992943359149,1.4003896473394586
1.2213777555786756,1.2244685620392806,2.7178374778530676,1.103485818391865,1.2137227321271193
1.4892330290484237,1.4931724043975085,3.653858719288908,1.3407182045179558,1.5183422576806758
1.0476851927351596,1.049418105588194,2.023808874482934,0.9812944728062594,1.2147275204291228
1.4102783462984032,1.4141096424888853,3.5045651913284686,1.2629686918746892,1.4655087533026725
1.1368067790730474,1.139545244202221,2.563055750173805,1.036179708467559,1.2441764369307966
1.1804172379127627,1.183508910423905,2.8391461347786953,1.0764271847650804,1.1820606559454103
1.617252388701815,1.6210328399751222,3.6493464402751705,1.4752051951107403,1.4604099095050893
1.4354604643698619,1.439516213124962,3.5624992111350577,1.2939472084562857,1.6730214105463561
1.1125296892772023,1.1146292936795765,2.2212240841527127,1.0372027887448523,1.1428058953524571
1.2952138999371736,1.2984803252141965,2.995190734126127,1.1732758004515131,1.257925195798624
1.4989748617436496,1.502697543008641,3.387750450412854,1.355036429193409,1.360463313425533
1.1135986507392237,1.1160685386768645,2.4488246144463663,1.0244460610967294,1.212873905359929
1.181984210422995,1.1848303147696062,2.6063766922882023,1.066843214291706,1.1391264348677146
1.4174493142837603,1.4211144895408299,3.3226125602057346,1.2766486397281693,1.3745301983300573
1.4002734660315936,1.4050913202619473,4.041935102815637,1.1968020821732783,1.3356656479903526
1.3676848916935855,1.3714010246288273,3.330506854196858,1.2338425199819378,1.197866731429244
1.5183156629575698,1.5225232592275668,3.7959703200589923,1.3656765807297495,1.3205920602871333
1.499818320380242,1.5043331358325724,3.9107123667353587,1.3428149710236468,1.3125338328445784
1.1573963257281223,1.158909176117338,1.9347557834486915,1.1001999866382834,1.3817196534642076
1.3557703792815397,1.3598720445083963,3.6502632529295567,1.1923454412124257,1.3835946787113307
1.102670692228325,1.105131342748795,2.4145729122984214,0.9997204369188233,1.1435987744883755
1.277838137617263,1.2815854417869323,3.242957340934761,1.1367747455231056,1.2674957089627432
1.2610412356399303,1.2647268987694773,3.208744953701083,1.1216556438427172,1.1742907654999712
1.2024274139542184,1.20483307645323,2.441359125148926,1.1110127717108698,1.1750943386575197
1.2552753277624025,1.2587161259615858,3.114755668273907,1.1101831439731003,1.3070833794504761
1.4620271520444412,1.4661665585421366,3.6524572068781387,1.2990929245064706,1.3886483033124146
1.2014531330842795,1.2042704240506605,2.667902093980935,1.090167944963076,1.096862841895246
1.3034798976704218,1.3069444322455568,3.0478876825219388,1.1680357813907873,1.2730192273586936
1.257735032538307,1.261167762813036,3.0847713042039793,1.1233073331510643,1.335840416744178
1.2894014447234512,1.2926652963091243,2.955100634278998,1.1783273998305952,1.2414366867719533
1.351014268422145,1.355045086114931,3.374932260093831,1.1782262710971099,1.3193809984733424
1.47869648422693,1.482590760477015,3.5391550807758008,1.3167012676596264,1.4136303711081573
1.2962370644582317,1.3001140611537307,3.31197086112341,1.1442942332243535,1.2830870930587022
1.0427613274276368,1.0442743438821034,1.823017983699489,0.9827362277977765,1.2354009273830904
1.1792912428756517,1.1818422742590107,2.5344722396041925,1.0738423369000896,1.2539112205277496
1.1891560864487163,1.1925627689514735,3.0395131562085664,1.0598849183917178,1.3879978656698113
1.2612717655982126,1.264710935186479,3.072138381566248,1.1266011465943564,1.4108770473787478
1.5241761488102228,1.5285638590347472,3.8531359081827876,1.3549791399604147,1.3129224921832257
1.1330076345201185,1.135448487647162,2.4214794899120706,1.0393516408214907,1.2679732098598626
1.3316615181120275,1.3344721508999713,2.8725199483096002,1.2198775107068267,1.2850074720070241
1.411398111469329,1.4153240546689136,3.5740586766408127,1.2606249304742927,1.6510454096518097
1.3007530418944986,1.304258088894086,3.104690319594768,1.1732470928878413,1.6792410056212583
1.2494470265966904,1.253134513150422,3.264889869392257,1.106136127247451,1.2602696726043454
1.2077373344563498,1.2121690830625294,3.39706167244758,1.033939015784927,1.2749822818361238
1.3490452661867827,1.3528499182847165,3.3683529238241223,1.1931594401165113,1.446330759698245
1.3625666803689198,1.3672224071397843,3.633840400438273,1.1578049312249556,1.261862695311735
1.173845998673076,1.1764483714183194,2.589329267943301,1.0735892364043096,1.3784791982451434
1.3978627105280572,1.4014870504913424,3.289838680018325,1.2571586120374765,1.3008400605128663
1.2154230684767935,1.2189555185258791,3.217942534148328,1.0705309361185502,1.5283707203368495
1.2796591601593381,1.282975980355036,3.077905456695839,1.1499113457036934,1.3325999202783168
1.4041873889270384,1.4077558450869403,3.1825846506770326,1.2584668388984552,1.5048341140630435
1.3547644574978188,1.3586945498628837,3.314271474274702,1.2170541627238303,1.3776467690926113
1.3984698867335752,1.4020550422206546,3.263981941599856,1.2356589583771618,1.5532134985324697
1.2409326046085924,1.244756019002466,3.241212872106775,1.0903354002721048,1.3384531855711768
1.2464010454887515,1.249013226237032,2.6198090509862664,1.155183616316757,1.1560800597126328
1.17863306917904,1.1820167042875058,2.9153897094454004,1.0430913497921146,1.1798783319735322
1.0300694842510956,1.0319518186010237,2.0257437735485375,0.9580160702542122,1.1199360133277678
1.3080787395838616,1.31228407603831,3.566278562038714,1.1420061306048355,1.2405004014410206
1.0275930246449143,1.0295609607815521,2.070102620012782,0.954250452154582,1.1150155294798747
1.3119896792781471,1.3159537673294215,3.4050333385466116,1.1656420063452904,1.8879116177388757
1.2535615429626938,1.2569375495433697,3.0160019418644097,1.1186289594912664,1.1607994208753585
1.1839203987043538,1.1866109653535275,2.6379202606699526,1.0753375686639715,1.373529310471516
1.1904863810050457,1.193517913815306,2.795463591206959,1.0870646040460075,1.2219137169437588
1.5054908803990334,1.5102396095965893,4.027731926702626,1.3176635677738753,1.537763396366354
1.3479926005619667,1.3513430463745915,3.1419272264093863,1.2121371705520183,1.3724274580128246
1.136095203731847,1.1391851570366964,2.7660304770834334,1.0113760362505164,1.042742336189001
1.4020049102692789,1.4073222501871494,4.089094166412905,1.1784911612704607,1.6449794284231245
1.3860105157138356,1.3898674386235867,3.280421402127539,1.2398853351259365,1.4331322988983242
1.3278317978496816,1.3320048611179511,3.5115503724972346,1.1607547906133946,1.2604404366038482
1.3526518013198356,1.356843392839044,3.6485550993326172,1.196784419537634,1.2693638837900982
1.3665751076511454,1.3702360145849612,3.318187441249632,1.215254538606605,1.3809756574059788
1.3894131814148394,1.3926894938989045,3.092182739758917,1.2650302811243166,1.4611816746127455
1.1934293649941572,1.1959911725830459,2.5578710228953128,1.0964146064330975,1.197308452543737
1.083711545210316,1.0861861429680157,2.3966909324254813,0.9966631748609511,1.160499261583895
1.2503001578522057,1.253779019674975,3.181738825053465,1.1124579579135296,1.3356807427855333
1.448218888487838,1.452204062505278,3.552903474830898,1.2800544469041917,1.585533741180029
1.2439206572750232,1.2478103082072267,3.315275295665292,1.0837441514982875,1.5899741775863099
1.255755884159645,1.259099195297187,2.9166899198251492,1.1195488468429349,1.305936154078572
1.5044712076895628,1.508008051750073,3.3548765833654786,1.3712900666738586,1.3971729020947106
1.1780457970460387,1.1807325920800116,2.66491806032054,1.0819461720139012,1.2146400095958838
1.2972368925233775,1.3003568650461939,2.9303717895046244,1.1732243224815309,1.3431793279765347
1.0399368470794046,1.041415007190159,1.8259852659192397,0.984210170541659,0.9251637654337102
1.1818695039419975,1.184400390226254,2.5392696008195434,1.0828828307408578,1.2443461320053877
1.1593322923683638,1.1621220902320708,2.582907579825652,1.0523710419411136,1.1460325707289258
1.2991147630044646,1.303218382747615,3.4673097353264284,1.1385180780715827,1.4584033737901516
1.1190211910762802,1.121437671849654,2.371545828973268,1.0349113337936204,1.099812795441062
1.1845216928693574,1.1878046609997595,2.9030975604031184,1.056915571105826,1.1867154327155585
1.386761000094222,1.3904098791385386,3.250857109347944,1.2451221145894542,1.2870499823518577
1.2765006351828174,1.2796771829098792,2.916866685641864,1.1512890296738174,1.2099455373148322
1.4297948994096081,1.4337013156872869,3.430362186014146,1.2743626333966278,1.3116348494963321
1.3003237565526995,1.3039600785285725,3.134841905000284,1.1696613030454108,1.5384948506948415
1.1358762565605645,1.1388722751372233,2.7496997235513474,1.0167599089198034,1.166978103588077
1.4671829911926038,1.4715794755439804,3.7211823428008928,1.3010504340711688,1.4310399607664976
1.2995595548999432,1.3028167071254335,2.99222107259853,1.1749237977068543,1.4454328052434615
1.1661001082935607,1.1683222599311007,2.319320266365562,1.0754060382894621,1.2865979032165615
1.1129445463978567,1.114869093001707,2.0913256329567296,1.034112857163503,1.0543379971017228
1.4545208189533503,1.4595355140009756,4.238821982952574,1.2476112023240622,1.3400755937723876
1.2384687647409154,1.2420446170358137,3.102156453693307,1.0978796944286477,1.5023175277620637
1.3073041362524764,1.3106270393903412,3.06238448242726,1.174756497381939,1.1823102181519045
1.3861355083398899,1.389928992957205,3.3706069775572765,1.2429582570249558,1.2559273274515115
1.3067879845054526,1.3107129638652693,3.3144504656418445,1.154299786614965,1.2405239057730415
1.3142943107038798,1.3183826865661343,3.433191816850673,1.1468892447819177,1.484316692927569
1.1924536138503397,1.1944768996746595,2.231612474045745,1.1075636775998263,1.1628032139000533
1.1730436682408978,1.1756103059101284,2.5913189525673292,1.0749197933851724,1.4754050311868432
1.2630192458089364,1.2660525550231172,2.801230604459441,1.1484693612206904,1.2297966767041821
1.4581708759705123,1.462348855206154,3.6706163702502854,1.2973424316707336,1.4461424607477564
1.4803920555611352,1.4839524386627325,3.232497075219457,1.341106452810104,1.6011581237927044
1.0796507578958672,1.0817386461133627,2.1365443937602135,0.9964609067227894,1.141259756964206
1.3903458897997627,1.3945003722709606,3.512432650741583,1.2342602893142143,1.3605265719131243
1.30174600331354,1.3051191429887898,3.0078940646543755,1.1690332982642904,1.3260952649958466
1.32645777215886,1.3299379942936365,3.1013292895492213,1.190653881786493,1.4141660077244764
1.029762803621742,1.0319590794439484,2.236317584345157,0.9333329621932629,1.2444675823686362
1.1767198473759748,1.1800034604227263,2.864064493069577,1.0489484646737461,1.289849322384935
1.366577985410905,1.3693511796721385,2.8637100888574265,1.2625000087890421,1.4693762854845065
1.2629254841384343,1.2658770146628473,2.7650738423607195,1.1435765025587818,1.2078793306301223
1.3885729604173287,1.392984512109416,3.656692615448593,1.2148205210566485,1.4673096758238002
1.4301767616204015,1.4350070016659144,3.891157466084411,1.2613879323364465,1.2455136280153198
1.0694163217268602,1.0714950829257297,2.131958645565284,0.9915917421534213,1.1456720223480616
1.3114872790147964,1.3154335551224152,3.506432979710744,1.155911779372334,1.598439421034532
1.3330450569023373,1.3374610487416199,3.6899054254410584,1.1646228112593935,1.2391517014267348
1.2821601379144068,1.2849962826514787,2.7263243530307744,1.1763631145518496,1.7113402521648842
1.2997972013695644,1.3030892168840496,3.005482961997936,1.1563676352696484,1.3546088387818807
1.4350342831770762,1.4395941484458155,3.8515326387701805,1.2526732983750934,1.2083908874522413
1.2523807227300328,1.2559554690064638,3.1368265800983384,1.109236703292615,1.2652135270505984
1.2562464220148086,1.2593405099124886,2.880863330052248,1.1294547376800907,1.2938802649051444
1.2842864928309294,1.2882024523022768,3.328002336122217,1.1397745167116904,1.1294280028599992
1.249769097949248,1.2530671104482705,3.0051465083489957,1.1208271794001043,1.3209383584506453
1.2367481548172765,1.2399093922304663,2.8536110758484217,1.0998410405866457,1.1816641369878051
1.411799920195605,1.4162315754174404,3.8338252263761845,1.2369059632709363,1.3984344499477614
1.369158589973311,1.3718344577992507,2.7369292581183284,1.2682847154742871,1.3196155957189803
1.3400025784882745,1.343967267576322,3.383698463141891,1.2010264620063478,1.5221632102963467
1.2985001137700014,1.3018808247644367,3.0551241991369347,1.1663041398967235,1.3903172063292775
1.4584932527591754,1.4628790784703878,3.6959825033581657,1.2902698061098576,1.60052878762882
1.153926374900305,1.155945425199834,2.212099654355011,1.0754263246805311,1.0861280718770723
1.3789762318393586,1.3836056471011724,3.9809159165265102,1.2112455822965726,1.3206703613825792
0.9140093084023959,0.9156869381740697,1.7851829506592363,0.8432916234880363,1.100430507441794
1.4335535269459956,1.437323061978284,3.4118440052600345,1.2775863869831372,1.5883920109712477
1.3292005337448018,1.3336360602840598,3.608793122729618,1.1344573748596796,1.403703910793331
1.320431865514578,1.323555978157479,2.899802537814697,1.1939038904098351,1.1748988032267773
1.2997286836669317,1.3038622786319933,3.434749637067104,1.153957426968476,1.2860893548246735
1.377774242012626,1.382378732011317,3.7163125579313996,1.2104650927130183,1.2970580452610452
1.3625029822032197,1.36653117136242,3.4083992502438174,1.208801828650897,1.3233714396447214
1.1800101125488467,1.182609725827575,2.557119425075956,1.0942963541599082,1.1011906959996292
1.254047520389034,1.2582864091456938,3.5528390166947164,1.0857053339530371,1.2355652150281897
1.1543153019212848,1.1565113783015215,2.307442144800545,1.0726089943466908,1.2058811838783645
1.18443983465252,1.187355948263012,2.7261617542511933,1.0725341187165978,1.0581509029279166
1.328000061947813,1.3321152350230867,3.464215895215841,1.1734560309229147,1.6056592377070482
1.1799186640263906,1.1828623579210373,2.7636130595420285,1.0772655741128825,1.1398604567423116
1.1381505581280547,1.1407627246955256,2.502793550967478,1.0457048360761492,1.2520829663459299
1.2518842011449518,1.254787352081077,2.7794462273870444,1.1281184746166717,1.1584074923118506
1.2424469266643259,1.2463252287653173,3.3259383841166374,1.0895197377364625,1.2168133305332924
1.2251565532603743,1.228906779526086,3.181734399514978,1.0867514936413267,1.390975868906435
1.0291713340466802,1.0314356306213939,2.2068284200338093,0.9452646089494556,1.0359925063071487
1.296737702591703,1.3000044131299298,2.9451248000106185,1.1702455372249765,1.2780122439369983
1.2981268484535844,1.302261255736722,3.4729030230110673,1.125966476043619,1.310537982964397
1.2825317018447535,1.2855034679410844,2.813637775085555,1.166048156514715,1.182325791612413
1.3111903251796715,1.3142485268902022,2.9527168030526028,1.1919973829066082,1.258330197776541
1.335895965579583,1.3395331773006103,3.1886836923379267,1.1921684943526685,1.4006098209776887
1.2541483048523525,1.2574734316333362,3.0391966054422572,1.1236685858606021,1.235491581298347
1.3076308274668567,1.310942497223693,3.0944424492749256,1.1720010187311616,1.2964006273933983
1.348719319832336,1.3525250036173626,3.3225205995071256,1.1876138266644207,1.528250182574999
1.1087599996959108,1.1111956883775977,2.395371757071578,1.0177485449925388,1.031188629733046
1.2064755786679662,1.2105530363253731,3.4519303785738416,1.0328578080425608,1.2232002729675493
1.3470502176111652,1.3508124534691248,3.2201106588689052,1.2111029105828321,1.4605438331151928
1.3564952100904433,1.359907928515414,3.1082240484913237,1.2136309988711407,1.3186201159181883
1.18564437315504,1.1886513710413071,2.7883686363398663,1.0684181262787327,1.0497325170482519
1.2715749828208458,1.2760673396422204,3.4919930302985875,1.1073015715052446,1.4045393701138225
1.0068422062239994,1.0089199479537,2.134550673555983,0.934604700192625,1.0656601692735932
1.380184419538573,1.3841291646301044,3.432640865212448,1.231945842292073,1.389152587410272
1.4004640546232012,1.4050216747120914,3.5949550572134603,1.2209269400884415,1.3664310646695932
1.24021497856648,1.2431685445120986,2.7319285424608024,1.1194082494209232,1.2937865967850313
1.3079975044033074,1.3118810634678444,3.316803713999998,1.162640629792432,1.2950254524260567
1.3363751055184938,1.3395309577161125,3.0246853995073324,1.212271003540181,1.293080668195852
1.2469309215293654,1.2512162700754097,3.3611408403341922,1.0888311938302635,1.3215873395890199
1.1604931211453895,1.1634564574898025,2.6757418280252816,1.040067215103822,1.2547091401051602
1.251377993580611,1.2542495594625402,2.8086223551003853,1.1469229215361594,1.3615115213202074
1.166710309381945,1.169867099904781,2.824257400724577,1.0406393597088865,1.454433564889904
1.1399186251296356,1.1420615691987261,2.270545469419319,1.05374591787986,1.0905696412250134
1.3327654292239646,1.3366017617192552,3.2645819706042953,1.1930472810671477,1.6691867078056253
1.3849027684232593,1.3880390839603385,3.0408214520034447,1.2530429886055838,1.2873362407633677
1.3053683025754688,1.3093412658770953,3.3456202390496297,1.1483989810153943,1.0943874906359812
1.342734839535373,1.346561962185231,3.3269184290695897,1.1977577274687727,1.4555748961662323
1.245909575084774,1.2485145340930328,2.683953807562994,1.1419280306033905,1.225384861629332
1.2037522118138944,1.2060219312760765,2.435650366387024,1.1162127442146104,1.151029279404536
1.254372724953844,1.2576054677395632,2.9234057885317735,1.1338421260315596,1.2910109809955161
1.3205064353675393,1.3240972936209996,3.248761683015775,1.1959991530653344,1.4819838208590999
1.4707055412596544,1.4756279258379117,4.170942628339599,1.2896461820455272,1.3434103470811276
1.4401838925989743,1.4439766961011622,3.472137278757689,1.2945097498011142,1.4171600462303398
1.5093398029863183,1.5122304439386753,2.995082334898732,1.3932159154779564,1.5995817293884547
1.4527938249996932,1.4563434626178104,3.2029730431899197,1.3092003804532253,1.3253723855978707
1.3437548882676236,1.3480947604514535,3.6650045278544088,1.1677833376344502,1.3766842504706807
1.1004312570851253,1.1032236653156786,2.531694937313123,0.9972890290229273,1.1442873475421704
1.2992378996017286,1.302997592818369,3.258047478548206,1.169874206950953,1.3464063406083033
1.2843264317886924,1.287917638619835,3.2046070311600463,1.1388553434613242,1.315324506673278
1.1505054226174511,1.1529872386700026,2.498811828575076,1.056348349963757,1.1664609337516572
1.5131483434749018,1.517273199640125,3.710384498471865,1.3495204118114115,1.447615155618015
1.0244273403824251,1.0274236362675149,2.5215136080203298,0.9111383056390105,1.0605623348402082
1.35575510512481,1.3609196277673012,3.940550269446919,1.1369283228966869,1.585139058072401
1.2784369364247712,1.2821255921500547,3.123582299134613,1.1367319993822018,1.2480651872165855
1.3146120815938591,1.3179565860096145,3.087327486868431,1.1864722585548497,1.4245148606417242
1.3860396987526702,1.3904428035649667,3.7428205903343885,1.2055691507122943,1.3667253281951717
1.248931747441791,1.2514296347435787,2.6528244309319957,1.1504580587678293,1.0735409343040472
1.1389721600313574,1.142000040784824,2.7181358460603793,1.024828151709559,1.300668811755631
1.1046592227249872,1.1068077768662026,2.233198128787515,1.0186943610203647,1.0217703096971704
1.2376868476962322,1.2410105479796287,2.970323774073152,1.115524736900213,1.571975320250807
1.150897247394723,1.1530544236412594,2.308804927310608,1.0647562892448192,1.0391190847357472
1.2732639940609585,1.2770271204673866,3.298718471993863,1.1286293569706034,1.4279011083498392
1.4673642568387286,1.4713890586380125,3.579887585271387,1.3148337048857248,1.4032113622698623
1.0450704116320972,1.0467745153092227,1.8942346792228277,0.9795666460983716,1.1260159865086266
1.1651388168383336,1.1675709883844687,2.4387020758324276,1.067462340472382,1.2912876344361515
1.3102458555054186,1.3136303271132752,3.0516825958676885,1.1789969518705932,1.2476349014947667
1.3886888621557998,1.3923036362422947,3.1850274689399125,1.2607197295985242,1.2197931643675135
1.2216449399494642,1.224741841877917,2.801210039495812,1.1058458035957088,1.4237661693579742
1.1757664812992028,1.1785576230933699,2.644927318951817,1.0703165604726517,1.207199477226716
1.2293669784224588,1.233018410849972,3.142898905618422,1.0966863024267668,1.3884512124507176
1.26958956225881,1.2728816381462913,2.9677565169716114,1.1430912348435962,1.3914774607283673
1.2498634367845887,1.2534472331873079,3.1052367054858756,1.113056666365937,1.2120385188016942
1.3646192260587944,1.3688729114438927,3.544010219154136,1.2050374956629801,1.3129493402055445
1.277038449321406,1.2806290376150544,3.1482431651277016,1.1310028346607635,1.199870218593328
1.2329659920929368,1.2359206816204762,2.805623260157042,1.1180136284838467,1.2648272398285374
1.4915809529044004,1.4959009102951748,3.5918800433946867,1.3153736246253025,1.6615884105784582
1.2237969307560084,1.2269235691579201,2.867926749626366,1.1012036914721712,1.5336405863161329
1.2528892993358696,1.2559307729227935,2.8351991256384883,1.136502611762557,1.1238975569177254
1.2618799582511058,1.265583757670879,3.3010808500224043,1.1126409352743623,1.3969491776813276
1.2660226051977848,1.2691716935543165,3.026150222649844,1.1468132842472885,1.3175026401401684
1.2675398184064393,1.2715617706990847,3.377059199746723,1.115573857008517,1.2358141900921158
1.263511642062293,1.26774799661163,3.390238358333167,1.0916214712362637,1.2449390539650387
1.3489728251279574,1.35291915000742,3.3151565661819937,1.1864093071477566,1.413811017408185
1.4273545671085992,1.4313665268117128,3.454743035920111,1.2711001414389447,1.414100635262571
1.3575484905028623,1.3617177654576862,3.515337684529892,1.1984541211104114,1.4011724039909286
1.2184542539105483,1.2220000981560544,3.119491175639399,1.09666285763164,1.200810736694929
1.3265893742825552,1.3300517290884235,3.191507082973894,1.1998958371077364,1.2902480853273353
1.2163314133772236,1.2196396554148305,2.9835794559552764,1.0999074343714645,1.2551585606866555
1.3260996266935723,1.329434666390439,3.1465902957916527,1.2134434865912627,1.3880752984440572
1.343734793258332,1.3476692417371805,3.3592680253282317,1.1812472208315974,1.6654773988911737
1.2344424283468625,1.237156664701327,2.642017197452316,1.1349628655751043,1.1619298674374072
1.2478700924655917,1.2503970410984893,2.559916704220547,1.1522549047897694,1.6346742022625902
1.2871387919324202,1.2910283334426575,3.300762834357793,1.1402293595671615,1.566022735842546
1.219502020292073,1.2222878415340586,2.663419350704148,1.1068853565714587,1.3077070797139279
1.300432764656385,1.3037657903353417,3.0462846119290345,1.17939915890033,1.2459724919967543
1.3607950026734492,1.3641256431242634,3.145001936519778,1.2416836694903524,1.2513631066997464
1.3343213176389968,1.338409430159745,3.3798078832742044,1.1728098022166782,1.5880647698529007
1.3010400880644923,1.3044930127104655,3.1282858995674445,1.17798692390812,1.4064233505612798
1.3808807272997994,1.3848268265750998,3.3614184156441,1.2320147552209395,1.5086094420006975
1.3153287877195974,1.3193584637984688,3.4631496888631137,1.1596713633940225,1.3372003145443934
1.1755297418766315,1.1780968542890906,2.5785014908995114,1.0782472285162341,1.3366765465541808
1.250332846529162,1.2534877841503291,2.986862967461612,1.1293949040215863,1.183238682127136
1.3730020884633758,1.3770718739906287,3.424144372094755,1.2100343406001657,1.3136392278196827
1.048073407796221,1.0498625143035212,2.012659044552569,0.9733484833198129,1.121163652479358
1.0614122650940074,1.0634415960718944,2.074433261884436,0.9748126326597643,1.3599766027274185
1.2142801368543037,1.2177055908658578,2.954893819483826,1.0896666352030884,1.177034651294028
1.1575759120024727,1.161154992478215,3.110330378220551,1.022756301897754,1.4141006780840468
1.276767866954643,1.279633476358963,2.8387813054311355,1.1726877521877446,1.2097912941020401
1.2674848091439819,1.2703581619343158,2.815202346115255,1.1550064103181927,1.2925396074168087
1.2611292909870322,1.2647658434604307,3.1359023636895866,1.1264111168686568,1.2846022640131418
1.329713872489254,1.3330796195283114,3.1142492360361214,1.2006536546947366,1.4581547185722086
1.2735199515548168,1.2771093940105778,3.1092830346412565,1.1334429022053143,1.2244869400648957
1.4885126651004488,1.4928108334733976,3.87280297824282,1.3097908692298914,1.4574076253795574
1.1686614645757516,1.1717873381322033,2.8727936614791436,1.0402545718713856,1.1137035687158796
1.4348659173929452,1.4391044607904508,3.646562689933786,1.2656013992307604,1.254472940635452
1.5123903691986964,1.5166833815710694,3.7500568724159544,1.3420175801096663,1.3476415501223853
0.9868934075940501,0.9885302624664414,1.8574105488911823,0.926907983485548,1.141347228738104
1.3807130321326824,1.3846341936884528,3.452152422897337,1.247007933539089,1.5274597899036302
1.2033227319513413,1.2062801898237174,2.7436559945537686,1.08674308469258,1.1137559215370785
1.2631628001670558,1.2663166319687178,2.8831812865896853,1.1494676280898244,1.3542734599668584
1.3202729960380575,1.3238366055918345,3.162712443178627,1.1806728152831367,1.494935328778791
1.208875490092909,1.2121263193776248,2.8437869681519974,1.0864203245354807,1.2572484646689202
1.2960773624800004,1.2994811530716839,2.99651696078469,1.1695068479883206,1.3571308672745253
1.5136430845182245,1.51812752510311,3.7327975401029536,1.3580797478303164,1.306695012649324
1.1684497666228613,1.1706142213962438,2.357420694224614,1.0901364102833333,1.2891853789495702
1.1343681580409546,1.1365741068377624,2.279105774762307,1.0457921905280334,1.1666383168186847
1.2946977426045476,1.2979075769394492,2.9472642244499516,1.1638697599642291,1.4007955406587287
1.3199349952392974,1.3229687965147596,2.9313174287895034,1.2038688440434955,1.2543361369869104
1.2700153427760112,1.2732412032109952,3.0276091108187373,1.1471850882235506,1.3188944769553477
1.3995431044249635,1.4036320777994356,3.5268470599761423,1.2279070500416702,1.345896949068888
1.1874399349182478,1.190025979464141,2.4960518833578345,1.0856746532027737,1.4303648820340344
1.1038210035246097,1.1061667450784471,2.3044566403134397,1.0163298418451083,1.0545679552550964
1.36447191163821,1.3683629901857632,3.39082891301526,1.1948742352028014,1.3169516545792044
1.1452297130179505,1.1483071683027863,2.8382905074238325,1.0266502586634945,1.3785631869124955
1.3266773016800422,1.3298889620806293,3.00216705430445,1.206206077973825,1.3047867096241919
1.1762568566312002,1.178247859278529,2.202257395468749,1.1025956652452602,1.1659080440613003
1.4091841267777725,1.4129188429962924,3.4947743887806757,1.2666253474455702,1.4739438735236174
1.2379065204173763,1.240914071594965,2.8910525954763244,1.111320333563883,1.3161534501922574
1.2450781254370369,1.2483346772809234,2.9370669764698336,1.1306923159245363,1.3134145653753653
1.1683443882907028,1.1717636366649151,3.066526515031188,1.031596724957759,1.2509657380035752
1.3881766708195966,1.391874239418362,3.32433283995611,1.229792988285933,1.61835470689566
1.347589322846404,1.3514954707479618,3.4385590115370053,1.203516241495709,1.4601410048261791
1.1017955792049203,1.104446202765801,2.4914024936868704,1.0010462866923353,1.1668459765460488
1.3869065405051406,1.3914416940238745,3.8363754931067238,1.2359002767767093,1.422585424126399
1.1770432837178817,1.180078740901492,2.78084006223604,1.0630607527452576,1.4356101855003904
1.2520059838665683,1.2558951263437084,3.411622101259974,1.1142947226816013,1.3092484883253666
1.3018946780341565,1.305049780045436,2.959455870844799,1.1834769761152883,1.1360763891430794
1.4527669721965528,1.4571925861676547,3.7991947208534755,1.2765046389076533,1.4889154422027162
1.3441932011250288,1.348060876146195,3.419334802158912,1.1894699803698472,1.2843898343786255
1.3749333482388542,1.379796386509553,3.7997703476458136,1.183828660935479,1.3359382059081446
1.3056964657528902,1.3090622664446216,3.078108680092926,1.1691418697940785,1.3591043071047708
1.0755104874683172,1.0779272684195518,2.312449649376357,0.9815246591980329,1.1278562518486377
1.421684233617248,1.4256258766180172,3.4515581233548254,1.2600073047724683,1.4827773579253085
1.2497794434830891,1.253447393004062,3.047615713668075,1.1161472569473412,1.4268014099254482
1.4017608257145568,1.4058235335326634,3.5705147397688473,1.246833669625085,1.3388629239576328
1.411977310802331,1.414814029087321,2.888058627764641,1.307154832023737,1.174636280353581
1.3567636720288394,1.3604077348464458,3.3159775027444436,1.2016613491328707,1.445469673431772
1.359410075574679,1.3629744949717097,3.2406871451166284,1.2284333083877232,1.418968335129605
1.15772412165708,1.1602861144357541,2.593431814651158,1.0538920581216547,1.1749104557507326
1.1773949337735286,1.180970458114894,3.1717841210146656,1.0462702168755702,1.333088481194653
1.2241838354056416,1.2271645999112466,2.75739389797805,1.1123415162123989,1.3498081917382574
1.2035410035767693,1.2068066604455072,2.933844645964333,1.080110158343669,1.3065066640014702
1.0642437076295137,1.0665956321183916,2.2458900208712795,0.976167734914478,1.173246259491388
1.289281729671805,1.292508323502506,2.9686289935430956,1.1643795129273777,1.375277630458905
1.3163180127413008,1.3207611558889174,3.744175283638097,1.1310205730177918,1.2220426968627172
1.2725789324273997,1.2753819333012866,2.8005518565550895,1.161892038164143,1.5449507569472645
1.144007163536544,1.1471385982756144,2.8123982743802194,1.0243007458305455,1.1273235950323408
1.1898626883666532,1.193732142202707,3.2800859382515073,1.0341594752298273,1.268066023221263
1.4161495601087504,1.4208954759693118,3.7592785172798138,1.23206207765615,1.5255846886273736
1.389444122304637,1.3931976490369293,3.3177495010794984,1.2469580902119972,1.2287706891072798
1.4164511738408587,1.4203842022448723,3.4394891128946066,1.270130740545988,1.565819412276237
1.3340592096314954,1.33812720594891,3.41619099906654,1.1870077503863699,1.2317161792177767
1.2574565212141884,1.2600313857640162,2.6702714492060267,1.1588769547243598,1.1390636474958487
1.2357914491397024,1.2391094297097571,3.1309975794229983,1.0959104984138877,1.3132681991001993
1.0216932169927195,1.0239762941711688,2.300724468058129,0.9272329999865363,1.1737270857300277
1.3311928492571483,1.3349723070518074,3.4022495352890973,1.194198541863668,1.6303421306095551
1.0558818346957457,1.0583032306944669,2.3409354172347268,0.967022669342344,1.3197123623674392
1.214118477017998,1.2171229011191291,2.8712090236206214,1.1035298617875846,1.1814168253455497
1.4454471609027966,1.4493639799571034,3.542051057002599,1.2922529606562705,1.2837490119616275
1.2232433425656886,1.2256253261711165,2.475725380089724,1.1268900024772368,1.1143044115543443
1.25066246474648,1.2537968555851906,2.8587389131065493,1.1323754098780883,1.1944906455964945
1.085191111640455,1.0869097684004074,1.9870710580676807,1.0182784843464487,1.1472697109723706
1.3413876641204987,1.3444156050488665,2.9999475021618007,1.232948510372576,1.4539928886148517
1.2245091343184118,1.2277490066565253,2.8428079761494445,1.1100496901350447,1.4637521995832778
1.247928097329666,1.2509606203478936,2.8072031549091983,1.128068109795523,1.416544440386275
1.437343730311429,1.441682693064326,3.8909352793641423,1.2727089822202111,1.6367053124507875
1.3782557459867668,1.383190182670564,3.87123109021208,1.1961054738140438,1.2494428897018055
1.1426276454987072,1.1457231211883618,2.7920348729108833,1.0272080067762508,1.171804205432347
1.3867298097333582,1.3906120110515996,3.488826956963096,1.246395906555369,1.4539241190173684
1.3277623509585423,1.33218267685335,3.696916965264079,1.1642947161790957,1.300667792941999
1.3894267214284892,1.3922296135168128,2.852608561773425,1.273571242872206,1.2882428102384407
1.292141978843981,1.2963343270932457,3.5109205876046237,1.131163017287967,1.3071755926511857
1.0776575229262113,1.0797893039789708,2.1368103597550876,0.9919829912710016,1.0839393473230365
1.271671618474135,1.2746934878775587,2.8760441848759344,1.1478803799763149,1.2317628749885283
1.0111626755261938,1.0133074397321333,2.1181377854117267,0.9260222159858427,1.1318815612886681
1.2719736586952528,1.2750910539813447,2.9417248420306463,1.1425515413123646,1.2964859254604595
1.280233617313739,1.283809200195179,3.1201004762934703,1.1575051411301713,1.4234662053744302
1.3724592608688944,1.3764787420585496,3.6056376625950417,1.2211339790858484,1.158240846189057
1.2281378012925925,1.2311197595776313,2.843596843586507,1.1091261613924859,1.1971170150196897
1.206992254325043,1.2107024014966163,3.1644453307870544,1.0726359426212029,1.1798874328236364
1.287137055616484,1.2903829037012438,3.0738657005240357,1.1622386208359148,1.4186363244397848
1.492955229547616,1.4969985490196367,3.600508275090183,1.3457776813523532,1.3924171351115842
1.4208978909375836,1.424352287846346,3.220664840526715,1.2881410471821568,1.3679619115730532
1.219761614345804,1.2226570887433037,2.75925453246881,1.117316410907986,1.4162273830657215
1.318501527536646,1.3221916093658983,3.3054798436249175,1.184370646587284,1.258743378136921
1.175243786889838,1.1783473159855673,2.8048797900498075,1.060913761156383,1.148763858917138
1.411506850747007,1.4158384535868673,3.618699432175381,1.25562200333783,1.5198767029354572
1.260347263769951,1.264518575824542,3.465300542568818,1.1047058847388183,1.3855166897185618
1.1859533182894217,1.1883832432527368,2.494100991678942,1.0864112772597996,1.1797556640795634
1.1070500346765366,1.1097359715792743,2.535341781411594,1.002974594474192,1.1021302035235108
1.3108898383246588,1.3145947676842786,3.2529544185722257,1.162641398690558,1.32319362208907
1.2093928359341426,1.2120164547563723,2.597054389818873,1.1143706198427905,1.16500046437548
1.3063892031460307,1.3100310979238925,3.203343336704516,1.1722526072282562,1.307126454488761
1.2111260541104487,1.2133966792636979,2.386668869471653,1.1270009990774104,1.1875335446698865
1.333375124225544,1.3375307346211007,3.506234062385233,1.1832138199643347,1.4183087534155945
1.249799582022339,1.2526445696861033,2.6559266612941057,1.1532454662833145,1.0942552513486423
1.4316684260272328,1.4355744685280885,3.4571416372214427,1.282376296176926,1.2894363523643908
1.3738968847135038,1.3781710438518189,3.5448072812346663,1.221843475579102,1.2640070648876403
1.2893489856680267,1.292658284976602,3.1022772931970093,1.1566362176924394,1.4390770401897561
1.2892655962780748,1.2932283405825786,3.4246531462902294,1.1427886081974916,1.2280584790261935
1.2564387995840531,1.2598531770304902,3.0680238122115044,1.1331267244360514,1.2223608065774043
1.199506020657789,1.202366817335561,2.6747107175988507,1.0863926658812835,1.1998987880618521
1.3874830923296253,1.3901575613434958,2.8538485418020727,1.2764971761930324,1.2632362440746874
1.2525934619262618,1.2562964823301912,3.194669484232658,1.1147596158686985,1.3437831779827942
1.441658217659105,1.4458518088837506,3.6530101854263304,1.2663201858973576,1.1943680437221902
1.3230825885604915,1.3263635070062125,3.082011229174033,1.1901786508031897,1.2035532573577115
1.1232593214764557,1.1255112824707785,2.301357384513265,1.0356739588092196,1.3740849552645908
1.4500097209224214,1.4542276813737018,3.6100694024267783,1.2796674033978337,1.3082416479752694
1.2744951312355768,1.2784475033544798,3.3065891241471315,1.118261796567158,1.556303990291275
1.4033622241781207,1.4075034397858313,3.5295822821972003,1.2400690014150497,1.889378655407354
1.3210254971338342,1.324335656667404,3.0517453298586354,1.187880495619531,1.8052336940231888
1.1634378769595692,1.166795401513851,2.870146341000908,1.026691296578127,1.3016791293560148
1.2680396574313708,1.2715013980024206,3.17086007683728,1.1245576364477767,1.1234482288163226
1.1861633281325894,1.1889309426380588,2.5611394447951636,1.0779351484810686,1.2597819138182929
1.207591854763761,1.2108834899193088,2.8828004079681984,1.0855716001567552,1.2646426320081838
1.2470334956869054,1.2497457545440236,2.631796729285058,1.1404678336424672,1.2610001624802392
1.0524239216339482,1.0546186129802217,2.1926540060264776,0.9614808573062588,1.062707144299685
1.0996704144799698,1.1018426136342745,2.289211881017433,1.018763705146634,1.1365694959911012
1.1823820801597504,1.185125771493015,2.6833055689173055,1.0781076406336878,1.3399270671252015
1.3682273075554743,1.3725343707084339,3.70117909123704,1.1941817456092643,1.4535375734229583
1.330606782394892,1.3345819487217716,3.4014511764296294,1.158823494264598,1.2926312074443493
1.2639170346958892,1.267379020576531,3.0572350949013654,1.1320492472608925,1.5828193172341753
1.2667870875842053,1.2706286557403488,3.191205457091911,1.1155804011699404,1.2033929601720377
1.4902100399364047,1.4945971448456081,3.875040756962573,1.3087135853951457,1.6418305123463526
1.405288003168261,1.4086664553677477,3.185672144372038,1.2784909453093527,1.3426188684769425
1.4022384603664606,1.406224117797591,3.433712621678708,1.2407145053538668,1.4608656537262978
1.1120541298475786,1.1142353175270474,2.2174394614649664,1.0270721601598074,1.2383851169453837
1.1617224884827748,1.1647885269329317,2.7331324693463754,1.0254864468578677,1.3978070432394842
1.2445705532353033,1.2471601785781294,2.66063692910064,1.1468491620218952,1.3644078571678457
1.1650605991998433,1.1684139532219961,2.9138538360990096,1.0384425703353375,1.4082058650211384
1.2914530258436046,1.2962206919924963,3.7358840716869954,1.118321846376593,1.218769705396562
1.4706601448560859,1.4745257676943593,3.525093205144767,1.312242510576356,1.521545912670629
1.2108965825881495,1.2138725073167551,2.7598761962854335,1.0891086092935982,1.2405868872578967
1.333096729591795,1.3374774913334238,3.634101674521685,1.1572575366726425,1.4206940413696625
1.1551647093277502,1.158426319877694,2.8675154775747487,1.022504308684134,1.4839614605776472
1.3271623149419713,1.3312114222595433,3.3850801057272966,1.17361689310357,1.3705781888377826
1.4499533451396664,1.455038945834747,4.145221738046127,1.2576584469385739,1.5194704875114609
1.318069548023455,1.3216496506126594,3.1934913993353757,1.1662957313216122,1.196272353094455
1.24456516747604,1.2478358362981021,2.9329356275346594,1.115518815032518,1.294288897495217
1.4299071210429621,1.434963525292395,4.148613759887589,1.2452005314039185,1.4564964232787414
1.2302926708390534,1.2333724344441315,2.886478511618261,1.1070316378814993,1.1922275505380426
1.1684350769975247,1.1711037472392567,2.5216811244629334,1.065265568020778,1.2535267448359606
1.3318699885867171,1.3353192082101881,3.122251242059412,1.2060834183676234,1.3700357192576658
1.3005289411973728,1.3042777567540562,3.3371084687471706,1.1558964326274104,1.3735571919989749
1.3255921203095982,1.3296509039918534,3.4062231369408025,1.1713139091372704,1.4798354756610623
1.374767823637973,1.3779703369543463,3.0384735584300486,1.2545550810150403,1.2088826434623343
1.4154637114134359,1.4195798737649474,3.5999362009743567,1.2594852752108998,1.3107824662476337
1.1585378314629409,1.1609654947043944,2.4204105934666273,1.0674535045747229,1.3159579536694284
1.119211357761362,1.1216162308979294,2.342988404749912,1.023491046645533,1.0208123947419276
1.254217067249852,1.2566987937063012,2.5442970660095403,1.1596320493341672,1.4334883765980222
1.2696999512840559,1.274133330149678,3.6393177233666743,1.1063787656464397,1.3611384646987446
1.3217235629549362,1.3250282184995463,3.1473860294262757,1.194645214533936,1.4042344688215072
1.4230960647243842,1.4276267696511096,3.7765243430133784,1.250294886010117,1.4059161202096309
1.2224688106823762,1.2261731725889096,3.214206993777864,1.0821712136253325,1.5293485831690266
1.2407977070113616,1.243537598887064,2.7490357296960495,1.1412944754769376,1.2124712637445259
1.26049726576071,1.263735239021798,2.9334044332232514,1.1376796254266672,1.5941116130635509
1.1957477975828672,1.198673774198639,2.7616775433534286,1.0926848270196903,1.2903391922186738
1.5331315217994892,1.5376178979527018,3.9558619950851597,1.3426163235987734,1.6117143401475762
1.2087858398064395,1.2115112370261165,2.747784934288135,1.1063909269891357,1.5541643474220541
1.3903308863883739,1.3936005268641636,3.0327828038963487,1.2753795107355241,1.509780209777742
1.2420401304334008,1.2451132181551627,2.8475704088017455,1.1105863175569342,1.1161855416629918
1.266831890620662,1.2699294569910147,2.94459289482488,1.1403373934584882,1.2575186106752225
1.3361157509951322,1.3400064028448089,3.4873756253482386,1.1777309797404352,1.3610403582059127
1.270747436158787,1.2743290872041937,3.200846459836116,1.1274689996381115,1.3534884071580664
1.1715608767120622,1.174212873189366,2.6150589218028406,1.0754453163377404,1.3931590003605467
1.3313924965635264,1.3342677530599045,2.9177908572924998,1.219441443837339,1.2372151792941868
1.3087672045671614,1.311983029185025,3.03294241607705,1.1808647498318205,1.3363846375241581
1.2110508576711732,1.215309019712904,3.421150922872358,1.0512574683206222,1.2745205308710326
1.287387071607299,1.29095236501886,3.1630886850621334,1.1447443341400256,1.2453647464953024
1.2206098676927448,1.2236695952137786,2.768020867724327,1.1175670987225745,1.1970709480972797
1.2007711104454954,1.2034141318014764,2.567616617222318,1.0983866754123255,1.2540244925052388
1.2217838871112452,1.2250808783970304,2.9874551339576563,1.1009032734817514,1.3554790428477344
1.19752937514966,1.2004433591851433,2.8872106548157976,1.0811888856797118,1.2417787726020124
1.3533974136848472,1.3574233758310994,3.4803288973446556,1.2024256841986454,1.4366206785197138
1.2931006845169848,1.2971222419699673,3.4213705815196205,1.1348558896952692,1.272337911346467
1.0827849527935942,1.0848347160420873,2.1496361963023913,1.0069444557996803,1.1104032889300104
1.1314832798558259,1.1340250424267986,2.4726995405442196,1.0420373584589242,1.146657033435181
1.1316445474797927,1.133680016702294,2.1683111251898737,1.0563038928002877,1.1667290531472159
1.1559422678412434,1.1586363952391965,2.563910192766529,1.0608083146585503,1.2695949033553104
1.334385013155411,1.33744191997982,2.9261667009776273,1.2090552121904563,1.2629233857280884
1.447669587866704,1.4518390071925693,3.6295212163572472,1.282465042532324,1.3124216137499962
1.1750861370925374,1.1781684743150522,2.7732973304951827,1.0594076931847913,1.361085626055944
1.2093201937633542,1.2122971902983763,2.8279189446529163,1.100324265200586,1.134263427538012
1.2558556320864924,1.258948896145491,2.871473949546815,1.1396771796174248,1.0917906409125309
1.1472291992599248,1.1495310758185087,2.3423101414240914,1.0557010288272257,1.119378826996715
1.3036703122359998,1.308073217185741,3.597123888007755,1.1285008348627772,1.2774585235389924
1.4299809704861917,1.4343377747246608,3.754716962941833,1.2605981001578674,1.427375828672608
1.2850746009766278,1.2883307706139704,3.040979167209606,1.1578189823359764,1.2015075830249184
1.442749190284752,1.4469636826225791,3.62941138288935,1.2914783550655327,1.5329520770649336
1.2816571936384162,1.2847560306609753,2.9310047562604327,1.1654746148928343,1.2733096478413315
1.0497470855707762,1.0523951707614534,2.4319280860381247,0.9542801618637557,1.15453175148981
1.5324772280862136,1.5373777458160847,4.109555245339376,1.3507811990709606,1.5570492133222908
1.1428488101038208,1.1455061541969922,2.5185108996326573,1.038461100591798,1.331260169051956
1.1139949213644476,1.1165959284373812,2.4759772874048203,1.0090392519342402,1.1719165990899405
1.4341829531108763,1.4378584701538852,3.439864434460574,1.2919606339336955,1.229560329519792
1.25832200604565,1.2612272265878604,2.7274714317418485,1.1557446578488704,1.234492853177603
1.215393340722908,1.218657908770938,2.9436425845751955,1.077973795085229,1.369188280637284
1.4100102751834738,1.414186240180409,3.645247643734135,1.2472292011140425,1.7463910647977179
1.2509907582983566,1.2542197204817085,3.0308978086875085,1.1147612124633277,1.2809356593229564
1.431088856243283,1.435207443713747,3.602709488155801,1.2837581896004615,1.2136248986287805
1.4124881911015048,1.4166559191946735,3.561100043519602,1.241198181937541,1.5532581506218448
1.0709555876084422,1.0733012042456638,2.355250744208524,0.9761766281745095,1.0835982568434825
1.1564535291955587,1.1595405796514846,2.7466394713607984,1.0328299420658182,1.3903336223892817
1.3293721950819755,1.3332846252059405,3.4600022109010897,1.1797574972712566,1.7686385302694407
1.3455476563082054,1.3502455464452345,3.8287838778174605,1.1595174258817669,1.8438901757408521
1.286149387187899,1.2889909732412743,2.715876869794596,1.176854494286669,1.1368439877451721
1.2699718631318146,1.2726972738822173,2.7058661974361575,1.1592314182123835,1.311788239550323
1.1324469877577332,1.1357351567655332,2.9115520862708735,1.0027139906150149,1.0981184219220077
1.3445069828058587,1.3482670297085784,3.303692784479936,1.203893153055021,1.2120849262049824
1.3625619844525698,1.3676565459467278,4.09657778004819,1.1677340568567633,1.481967831661461
1.3097650078744882,1.313682334118059,3.4089233769298217,1.1604835512531244,1.5310689973778353
1.3471500126274416,1.3516910291573156,3.72722803499546,1.163446063134358,1.569244937436587
1.212794840588005,1.2159460190323637,2.862414521799923,1.0764384711328472,1.2144180019342923
1.4088330487965623,1.4129792734554947,3.5994778532741845,1.253662826661139,1.5243917394557787
1.2672845839332638,1.272288748650362,3.9137489916769317,1.0794139253488357,1.4839677381374246
1.40053720025505,1.4040550516445847,3.3027944419870128,1.2829914961809454,1.3089882262321577
1.336012877251097,1.3403900160488857,3.6099957723492597,1.1633627907411526,1.4252537838799924
1.4261071879063376,1.4303929738755987,3.808877606991789,1.2653554609658242,1.4858016553831825
1.4914164086931527,1.4957907318506352,3.858860322438222,1.3271665131848285,1.3893394014234062
1.2332290644473702,1.2366399944321755,3.0324632905711018,1.1012107961396742,1.2500785023004752
1.150723234340094,1.1528300381666423,2.2759312328732153,1.0631711701222946,1.0740815976242206
1.2032987227987368,1.206504993730622,2.9472590911607424,1.0735818735474598,1.224152416939263
1.3230887866036287,1.326972026734969,3.348928829403953,1.173878223105062,1.4551572655471399
1.1552059521908455,1.158428185460706,2.8488874423316135,1.0314400921596805,1.154870946605705
1.3111601246877527,1.3150810174417387,3.4103280233240483,1.1568485528262815,1.3547252340935318
1.2701720677883606,1.273882484041734,3.1553498140346417,1.1309756689273238,1.6814679587714252
1.2703807583231699,1.273419959738783,2.9500836960490826,1.1537658053837487,1.2683001939628653
1.4401928635996895,1.4448375528461515,3.886338650062666,1.265234649560919,1.537403959960928
1.439399046094973,1.4440519943855232,3.8220135157504393,1.2647911479112657,1.2285120933405551
1.380960451829504,1.384743182340436,3.3011045677833266,1.2374574339423328,1.2761791502189792
1.2833812723426756,1.2857356281099184,2.576432828834913,1.2031573464196283,1.0971394358459334
1.338531289967031,1.3424797286509473,3.414611430442175,1.1871048395491215,1.3859954239389731
1.3508161748555993,1.3545367148130074,3.4647049878685814,1.2084600721934813,1.571256073516614
1.400249182292487,1.4044100822282468,3.608047468793375,1.2493829270951267,1.3948383791340495
1.1852485900322027,1.1876441019045596,2.4054071207879835,1.0974473837115417,1.0827746736058157
1.3008169747138199,1.303770868003549,2.8958938853238685,1.185024700696304,1.344375827729104
1.3846436444388375,1.3896991018952876,3.9655945399276527,1.1891873602195222,1.3243109198063787
1.209530039301455,1.2124968529415374,2.7885526328295835,1.09390147598147,1.332444407017646
1.2983533467154784,1.3018320289705594,3.2133804594597377,1.1630655779175894,1.1889917937502306
1.1892173926652538,1.192387995975718,2.8709314819012954,1.0633410604383244,1.046910508022981
1.0961786867755214,1.0980194125302583,2.094050210609351,1.0281840276343304,1.0587863465935599
1.3542103200533528,1.357505316813099,3.098068818261857,1.2217627707475285,1.2838178693010172
1.1727195625128812,1.175800363086077,2.76060874697735,1.0534425682558868,1.518571387645946
1.105619527763807,1.1079786027777447,2.2938594913097305,1.0110737295673191,1.1749166680879835
1.4855663030241455,1.490638605323092,4.120330204039302,1.290534756355197,1.479454286446159
1.3610266042357042,1.364851418985973,3.4415663172580464,1.198352919952846,1.3957698284397682
1.5267788651664391,1.5312265548088475,3.8690628231930626,1.3404094859597975,1.3482447542480558
1.3298219196260925,1.3337812153024977,3.3997413954067697,1.171663493320726,1.4427293294442807
1.310218641353924,1.314339533304063,3.4016042623908795,1.1508161029125876,1.5168110810335136
1.2984511111728168,1.3021819849704614,3.3290775793081537,1.148045466251939,1.1561440709821897
1.2678823944202773,1.2711998265599662,2.987740574137719,1.1289178832174267,1.2454357663707576
1.2023852949284366,1.2055377370059213,2.7576289282544595,1.0771366197779055,1.1678176613879998
1.2294398736528245,1.2325149487583338,2.8211996395635315,1.1113639959092647,1.3436277294766714
1.3417333865896743,1.345548240180045,3.351715568639019,1.186950352640218,1.3405370843108666
1.1434850628971367,1.1460596853577971,2.48545312245852,1.0479367470095184,1.3060892326202933
1.383911787295828,1.3874751046622655,3.066565562973993,1.2527401466469206,1.2944644588895333
1.0679773441946867,1.0703317898870703,2.3631775950944416,0.9754466215671302,1.0065233842412138
1.3656701443122028,1.3700013130784559,3.4975364135337688,1.1971650146448503,1.391938946165803
1.1859649705534419,1.188595019782863,2.5477264069961536,1.0864602744317142,1.1817134265490838
1.1791321332985716,1.1821067471740425,2.764283819322703,1.0682618353051367,1.211392236989567
1.4747055271462874,1.4781669738185363,3.3293579202837673,1.348754743719106,1.2731435749034803
1.1761792367003527,1.1786778359780976,2.573336001291989,1.0776461762995713,1.204357746276034
1.2088080793748859,1.211441527259317,2.5784194564470333,1.1101898151984453,1.3589971610833815
1.3853943728923848,1.3889737007331577,3.184812728344953,1.2484853431504603,1.3205784391935793
1.3789998363954856,1.3824955150541667,3.233268236806125,1.2508718576481568,1.4022730801973078
1.2186063716473374,1.2219082911201096,2.9912807396968137,1.0866477881259025,1.195795806379352
1.2567767845640974,1.2599245593335613,2.9317165436569876,1.1357568656543455,1.2821259068097917
1.2193541337271783,1.2221824957515544,2.7560879460906005,1.1085936079211232,1.1595029718442298
1.3560306181882924,1.3591575067027906,3.0011941239931526,1.223329579700498,1.1767419052683712
1.3455019228387743,1.3494202322245403,3.38450787235985,1.1864565975479024,1.2432629225230656
1.2681859042777746,1.2713416643949433,2.9497893701768785,1.1396574986602437,1.2230236641917813
1.1205650105543576,1.1230215404891848,2.492341897279392,1.0213206386349116,1.146256660010856
0.9868163861007374,0.9890186309540155,2.0969298545001607,0.9087746395120936,1.1491384394529598
1.1830396505602443,1.1861152118135652,2.708560500219955,1.082891367696586,1.2515003891767222
1.0595875044380512,1.06167215095967,2.130025491434916,0.9789030311151923,1.0924409170164224
1.351791306885311,1.3555734950723286,3.3519483727546513,1.2004255015663081,1.2639624136652916
1.454939186584868,1.4593575382542414,3.758040350763209,1.2717978940542412,1.2670668565422665
1.1877897707627663,1.191629810690422,3.244873065099874,1.0375908512430234,1.3252776998951266
1.2104036864965582,1.212413949346207,2.3061286029359733,1.125566740209016,0.9851999765256844
1.44355158198375,1.4479010852621281,3.7358592189792565,1.2852301121604037,1.3731220336894043
1.2896416587904074,1.2927096994140168,2.912035300864951,1.1846116027887064,1.2767476343232382
1.3617406779861445,1.3661913341373422,3.748387990278024,1.1899366569146002,1.0712358683695737
1.4904672675775488,1.4955417058357834,4.1568815722172,1.2926115726910328,1.5368565530660763
1.3598597823635454,1.3641171603866458,3.4984508254891917,1.1915183296639122,1.7757743742194467
1.2616882432698555,1.2653019605495723,3.1205628568273296,1.111253020976045,1.2769403683619842
1.2815802551462918,1.2843994653780102,2.7493335682718323,1.163029315157037,1.2402360481923183
1.3052882368762666,1.309177112215769,3.375443362073751,1.1416250950112274,1.584127669691203
1.0554467278777566,1.0570936974715743,1.9269636605450897,0.9924125903727394,1.0533803572123601
1.259637039697194,1.2633221250473494,3.2026320536544457,1.1211152840254444,1.334854895750005
1.280549659419821,1.2846853675267431,3.3670246399737707,1.127303679556831,1.2176147590644961
1.3894022923178369,1.393853595113734,3.665216744347587,1.2181073449672242,1.4942439324316292
1.3504895359512237,1.3541837664833283,3.175836568102398,1.2009849888000204,1.3197028612946982
1.355274536121103,1.3595648529125886,3.5314171561391277,1.187026794701736,1.2925641026716226
1.2121759605118745,1.2142415110187417,2.3646110847555404,1.1281924998465194,1.5383561035204392
1.4189252655626705,1.4222067842221733,3.1182059463196534,1.2858814115443609,1.5819776619025656
1.300775092977243,1.3045075910687545,3.1975824311223366,1.1515562054901176,1.4143155128815437
1.308405018280659,1.3126162965069137,3.542120337503322,1.1409010740550418,1.433210373439839
1.2598437881493139,1.2631556742500685,3.0437955310770883,1.139274334621004,1.302080059366773
1.0674264512656968,1.069452121627665,2.1157810739586624,0.9786115134175752,1.0506973879545571
1.166899273489858,1.1690360987021784,2.2639358300920995,1.0834784489230789,1.3762794128326166
1.36272950923527,1.3657517805035053,2.8453776617612787,1.2479197278096148,1.4388905359767472
1.1249239704863858,1.1282150334270151,2.8885197717940985,0.9995544041548139,1.132330335416215
1.437957979764599,1.4426715010831181,3.9252791425957128,1.269451318256394,1.3218549681857685
1.3643783570736143,1.3698727307037692,4.22208795163151,1.1747096499428633,1.4167306271382862
1.1328206184164915,1.135432909283664,2.4932329421064257,1.0329009516317633,1.2652911504785485
1.3907629045786647,1.3939678243930727,3.0765667114808064,1.258274898959984,1.5067383738352227
1.3794706518354416,1.3835054497662636,3.5349047621669234,1.2225605855211645,1.4882225635603146
1.185531909579475,1.1887097799128876,2.877392497777448,1.0559247717363112,1.1657893691356918
1.2472984675250982,1.2506919494265056,3.079923256509598,1.1080387296619671,1.4314763487225786
1.3095551613937784,1.3129501195232836,3.1539787606983953,1.1757229581195705,1.2986364809720894
1.1720630618896257,1.1741784287199504,2.256556915008973,1.0865469461863353,1.218824783135557
1.4016408593397243,1.406016985942562,3.65898830425209,1.2159253952198528,1.3700949264696414
1.2231029406196903,1.2251159677126666,2.2668093400375944,1.1524647559953158,0.9924724940424479
1.3418803629608738,1.3462924915777654,3.624235816159854,1.18463811287386,1.4135270932024326
1.189583142257224,1.1928166808492533,2.991956587436303,1.0604195325214016,1.4529435305363065
1.1342859091097897,1.1359872087634102,1.9805054063032514,1.0706775785067881,1.1178880818593981
1.0649207530380198,1.0679874463840513,2.704932633613005,0.9475856059450176,1.2768300113982796
