Error_cv_wls,Error_cv_wls_c,Error_cv_wls_c_r,Error_cv_wls_c_s,Error_te_wls
1.367979724671953,1.39441211897931,1.8737867552975656,1.3486718675885845,1.3711409385002884
1.4373973971175,1.4735485391852237,2.1239877485252325,1.4153018748343702,1.3477938807845806
1.4124411678426274,1.4408327375668786,1.9533460921003267,1.390540051165134,1.408234734385462
3.1509203249724433,3.1843287077493816,3.759167577899807,3.129700603438672,3.449458825267263
1.1865590418826977,1.2168894649709565,1.7336052595450997,1.1683343976668132,1.157391514676552
1.4239548897012864,1.454050059406781,1.9821747333804451,1.4011092936097609,1.636607447640216
1.2434745309669606,1.2759846454738577,1.8498461649111215,1.2264781699924374,1.3582877396713826
2.183055767481106,2.2133528025204927,2.735988449900202,2.159621908820056,2.6477143153151657
1.827634260884817,1.8544616261819467,2.367718476248461,1.8088383901530902,1.9464645839717025
1.049046411006508,1.0640521106453222,1.3894349424206833,1.0331376801185432,0.9231370071782419
1.2417469932406993,1.2662121519609404,1.7235449579611803,1.2216596779296742,1.1358187009061007
1.3184120910454207,1.3399219551147623,1.7638263990697873,1.2985122077805618,1.6830615358833638
1.3682586385424342,1.406347103764486,2.023694393507337,1.3462313165394468,1.3169415619794558
1.2817421278783907,1.2999874275028493,1.6809935763906942,1.2632342771129546,1.0828809313161663
1.4515934332209988,1.4852910154276937,2.0491924699346993,1.4311303350087055,1.6212376549933347
1.4999723226759776,1.5190401266552502,1.9234532911831905,1.4800656731454271,1.4793369158796692
1.7596233399432628,1.7950456732426177,2.399280385359293,1.7421361086073477,1.9104729471512256
1.1023248709515894,1.1180879258779552,1.4730985193649486,1.0833396806218651,1.013347700485022
2.5448058013603396,2.578828028126785,3.1429317117445548,2.527573025226925,2.7238607585560017
1.5442359187334667,1.5758486573084691,2.1406758616480754,1.5268333419051894,1.5231673261405987
1.3244702750580735,1.3549585740988572,1.913006148409654,1.3055972852408946,1.36649502786596
1.5327998139405066,1.5580000261625533,2.030392559328902,1.5128205678978182,1.5453361461990685
1.223473610766232,1.2590805002195162,1.8599529422453034,1.2057555420504926,1.5589547468375444
1.5163301947893992,1.5453453139716729,2.0672661413981217,1.4932150656124654,1.7060100121745478
1.434091007508843,1.4467380568606496,1.729965377147646,1.4180461307159822,1.656912844200273
1.1922812852110294,1.21762428199197,1.7032036545062208,1.1716151563109296,1.3073494624660065
1.985405097567823,2.008569792454216,2.4612654812905874,1.9634915897468304,1.8848414850679889
2.0690196581766305,2.098952263107157,2.618119622061837,2.047482540428278,1.9103030435604567
1.3265236072571363,1.3636996561187495,2.0071790482185303,1.3067913375142963,1.3030488029523306
2.1121413753477496,2.1348254423548583,2.557068108194605,2.0912750214315925,2.0154369668600944
1.3863227397744398,1.4065115332186333,1.828324947828588,1.3670532510237032,1.2596411458918604
1.9208682482364035,1.9553040470595644,2.5756487799551744,1.897318922282312,2.0360301079470813
1.6956369386124217,1.7356292113577627,2.3681164942746693,1.6737159997852809,1.6076284086325816
1.7152181732992666,1.7491248419543803,2.325663290708822,1.6945541033958205,1.7945582541109455
2.2502247422925756,2.285310518932796,2.897422459008133,2.229921358190839,2.634798992841044
1.3274887067439323,1.3649828967190132,1.9704106324365682,1.3093528127978376,1.1321413427279223
1.2227863513553938,1.2449045523558873,1.6659506920543565,1.2045609702163038,1.2548083694824599
1.63415569684546,1.6690067402278168,2.277531124013395,1.6138239371121843,1.2997181037162377
2.1825854073335504,2.2199091872112264,2.824084406639739,2.161939614601682,2.0977963799157147
1.3542285271551446,1.3951458822360967,2.089359979868753,1.3320532588450664,1.2596535000171143
1.3239660799461608,1.358098861233395,1.9467269986586286,1.308679262140002,1.653377755612632
1.5746779230189476,1.5934208787562814,1.982770907456024,1.555543951563842,1.7216335560356766
1.3549686762300286,1.3802329842722543,1.872387296162973,1.333404632735208,1.426221591092666
1.394816150118892,1.427396935322161,1.994436680514322,1.3748812285103,1.8842759870990435
1.2598054121171556,1.2734426241084473,1.5781107453724172,1.2453156271893557,1.3473603279227522
1.4447313876830608,1.4761914113471506,2.012383423862228,1.4258695901087721,1.3251307915299027
1.390029815798326,1.4301350347118091,2.09326700169706,1.370258972578514,1.2668712959009192
1.3788097237317574,1.401275039273147,1.836612533142829,1.360735862625305,1.3067923110429278
1.7000106229191108,1.729295951835621,2.255639716377935,1.6825460021801764,1.8808311027040927
1.4903001610229507,1.5126963231640351,1.9484183501685324,1.473392883680341,1.5204311327079785
1.3061761267725636,1.3387494209915487,1.9211696575780783,1.2864376367758077,1.3004891931674918
1.3517971953476315,1.381469645602488,1.8735542719117788,1.3345337567473308,1.398912765782421
1.78663787940976,1.8165987057408914,2.361824560575747,1.7645852685337706,1.6650552243636147
1.9170972160186102,1.9471242163243447,2.4668628001904653,1.8997150207383733,1.9113732942652422
1.3660959107738129,1.3952441896495071,1.925749539578933,1.3450602556673283,1.2812923009480721
1.6317114738701812,1.657614951261394,2.160484528647108,1.611823308694063,1.355108486786842
1.5942930070493717,1.6239228120203597,2.160148658323079,1.5725352906581884,1.7167306284743347
1.2410651370479375,1.275078178311625,1.849580762028957,1.221650321537378,1.439626862631411
1.3643255494545972,1.4107960815088973,2.120680461283,1.3485451646525177,1.380959482269105
1.1210894491211687,1.1434441135306757,1.5775097804476996,1.1021216305136181,1.1844304076696561
1.5232209473045117,1.563059415397464,2.2157248396587437,1.5034832004907897,1.4494770063126452
1.428676744394311,1.464835149012368,2.0921411261248406,1.4068093185615238,1.218983314837362
1.7530134289308557,1.7693338613332814,2.0991110413261076,1.7355468480626628,1.846810248366493
1.3303646951668489,1.3592756752219137,1.8562076563734375,1.3112234210967588,1.4351146813586149
1.8380255221558357,1.8609490088420582,2.3071694851456663,1.8200094183536828,1.9213146513045263
1.350175032912272,1.3788271903957243,1.8921053018552219,1.3269414365336125,1.3935130779330054
1.223911343105498,1.2556244184277503,1.7927913407570513,1.1981866076655199,1.2086157182455561
1.3483535415122565,1.3845008272051804,1.981603199481599,1.3260961541172405,1.504513463418249
1.3085321393078584,1.3491808871845148,1.9839351280432775,1.2866464827822137,1.3641824948724606
1.5458466571240554,1.5698359163098419,1.992570185221943,1.529126859010621,1.7694166676655905
1.4755309723668593,1.5030617438749627,2.0293545510655715,1.455294926373986,1.3603059090120566
1.0787146937163015,1.0952192722260472,1.4420551372623418,1.0620350490938972,1.1496856134776252
1.6174711156662622,1.6395993075383228,2.0781768510018095,1.6020643658411946,1.6483149035682132
2.5915147114241033,2.614851155049376,3.0618517879999483,2.5701519792710408,2.913287066269763
1.1849630032125789,1.2210247087071406,1.8518067419941018,1.164573455116281,1.334241344305682
1.2490973417001843,1.283440370723574,1.8681161569354356,1.224820227621292,1.3899380508223353
1.4215408218577799,1.441398959228141,1.8348132883447332,1.4014519626210076,1.4466464438021227
2.4336529838789573,2.457134181481277,2.895609532331647,2.4160073448370527,2.2907544550647434
1.6044145152665905,1.6391237183850023,2.2206938383034913,1.5870720506258171,1.657848671711828
1.2896643632308358,1.3239645645085183,1.895626879047263,1.2706794900199947,1.2233859449285238
1.3172741631438416,1.3396925733387604,1.7530799691641938,1.2984459083018725,1.4430159238099782
1.2508505140573276,1.276984658492937,1.7500141558588271,1.230272129669258,1.3727016397305463
1.2774911834034508,1.3041520836297966,1.7802427560864742,1.2582642100033348,1.4241505857359658
1.4114319807357218,1.4353219997298123,1.9082713920505938,1.3899944760703358,1.3795587807845549
2.0425311553484526,2.0716443644783613,2.594815771198639,2.0212800018296706,2.0042253145360354
1.2208238593431784,1.2516845572335744,1.804047768147992,1.1988144720239855,1.1421434275451792
1.382541721802896,1.404959427414525,1.8334682112361937,1.361912778959732,1.4964405984711087
2.3729516299167983,2.3984560061207003,2.870690922664318,2.354095851099925,2.474393600566404
2.4600237701294345,2.494092561785183,3.079938094443097,2.439912427727845,2.363421791659397
1.1702807559084965,1.1965628621675495,1.677715531498692,1.1493871675203406,1.0728971211716922
1.999700046482306,2.030048866660424,2.5706460960403006,1.9759223757589135,2.1654661759064564
1.2643998036678166,1.2957751795509842,1.8399422512726924,1.2406330219012398,1.1032244885664007
1.331521531694334,1.3684453905587075,2.000592355389747,1.3107454168116872,1.3147685817448402
1.4144822677114346,1.4445040153595037,1.9858169606098743,1.3926801664368509,1.4457221759622731
1.3787079358528105,1.4021312396491177,1.847788684776149,1.3586504948044544,1.5265837732293848
1.2635413246311613,1.2862071017519936,1.7126239497328717,1.248657212543998,1.4803275189899108
1.2030408076791055,1.2352527798545667,1.7831177267892333,1.184532617060847,1.3256943671007198
1.2565363812984471,1.2729640534366988,1.6030471839012,1.2416535575914067,1.2425449566392166
1.3214651356033473,1.3545015541634162,1.9401481891432932,1.297830540257513,1.1469984236480526
1.264736931685921,1.2940420043474594,1.8062118410842478,1.2430766395007495,1.420896618568138
1.455374970570219,1.4787584416532713,1.947785684870087,1.438652491903866,1.082030145322547
1.592159684753954,1.6244547673642615,2.167945543100615,1.5710262017342926,1.6102777814862281
1.4599665902309682,1.4810218802496153,1.878501929280695,1.4417772721720405,1.2890925322164033
3.817475989184819,3.85108915618797,4.395342331661023,3.7998224900316933,3.5828836410338587
1.6206035404879129,1.657538439961584,2.2855053878893834,1.5976254199184394,1.7672670483807527
1.265996359898064,1.2988894807336502,1.8548187809960117,1.2442136772050827,1.3008811063841603
1.251936493817668,1.2781955581745557,1.7687888639419551,1.2296701822635385,1.2345113556125098
1.5285844133234303,1.5584866800694201,2.051355109847262,1.5067631309248823,1.3838660736069999
1.6943786379233794,1.7269790802106766,2.3021033912149886,1.6728046442753859,1.5275807210949757
1.3196261602308859,1.342420062089034,1.7803737057329578,1.2986070878253941,1.479739639567946
1.6931274503484466,1.7140888543742543,2.117601924055542,1.6751454098281005,1.7212717986049866
1.3412260040864865,1.365065031801683,1.8234596979240685,1.321202664023136,1.2482058552012103
1.2548987972832482,1.2937570768527382,1.9356148241929834,1.231159711273811,1.260302570211765
1.8793869167944188,1.9165815449941752,2.536815059883696,1.8569909602569672,2.033307172492636
3.342108517318642,3.3751826412161545,3.9354614946147213,3.325589765955102,3.1557844031417823
1.2383230419465594,1.2810261970011727,1.9540405751580274,1.2210886818696158,1.265758555235304
2.016481978042146,2.047221061264361,2.585889793253213,1.9984114345798047,2.0850353528759884
1.383606836310501,1.4118736277356607,1.9402800676264245,1.3620468409412863,1.458338507226499
1.4881203784331472,1.5145227251207372,2.0144471343712613,1.4684267375406361,1.680872822505451
1.7222558758444495,1.758315092171236,2.3672571281278953,1.69669635106674,1.8014752292450678
1.303443999786038,1.329125155545047,1.7987515261941773,1.2831551114877973,1.3602753263745053
1.2517618479014294,1.2880838906939645,1.8810554419599006,1.2317589265649433,1.1829419525584113
1.5741245983320327,1.6141269934492484,2.2593546013235732,1.552536321592248,1.4474715325664116
2.293295811653657,2.3155365568768067,2.7558067831769355,2.2736760359872035,2.405509474970458
1.152582938240542,1.1772078549110891,1.6240656035111936,1.1360251329918996,1.1352727265779308
1.383903487527134,1.4145762276742944,1.9564883945253162,1.3636013234749391,1.4186499055782995
1.926256517314174,1.9466914514159535,2.3467624365394206,1.9063352979570003,1.993038203844229
2.100891208263839,2.126352441122608,2.6200194183557466,2.0851075688403315,2.1438964648737677
1.452991593057312,1.4891048050325826,2.0673130872545955,1.4325733386079111,1.3484297029856314
1.3796253945866808,1.404590140230415,1.8763070821633818,1.3586485714904633,1.3219256635893977
1.4455198233559883,1.4779022957025452,2.048885767397763,1.4244151869129367,1.3081828373316957
2.3872125682143923,2.4130888128141614,2.9017560054265545,2.3686070708245732,2.054178328738002
1.4809542613456712,1.5143516743305623,2.107174367281343,1.4494183828510832,1.331629179240851
1.6427413980554542,1.671790369488244,2.209476110773102,1.62415407507519,1.4701659923274029
1.2284896503813363,1.263154378700509,1.8605281661046884,1.2116095471289696,1.3978096332657306
1.381756077787563,1.405618295007896,1.8394331952577756,1.362477435616995,1.5044008048636786
1.2878633881966575,1.3149827615656982,1.8122007462989826,1.2683424423720173,1.511432638104679
1.294236434653689,1.3197292173970068,1.7911695920143607,1.2748954720648376,1.3030771697479182
1.568602726179078,1.602948492745723,2.1541144343420715,1.550488213675749,1.8547126927805753
2.0940847195131664,2.128894003563481,2.728090673619392,2.0721962574622497,2.09707104944255
1.5941140332217,1.622186638025923,2.1307486513145273,1.5756992904813456,1.7197028590456789
1.8517590940930289,1.8768499480453817,2.3670497497873404,1.8313587210375348,2.0641837666738283
1.2992084257051009,1.3344839549107277,1.9117847382645408,1.277687607996379,1.4109038388975472
1.3639409759190577,1.4040555392818423,2.078476725423129,1.3422066673723343,1.3197997059927185
1.161484631818257,1.1853794374501252,1.6533799020841151,1.142931647459746,1.2968032012451538
1.5546888198759488,1.5794930917847343,2.04614125151664,1.5350581388154798,1.5097553908797758
1.5081837286911801,1.5364169495441793,2.024535606113448,1.4929661934899974,1.4678155731320093
1.2634798378510668,1.2999928625854575,1.9068490941704268,1.2438498324884089,1.3413860741308397
1.2832092039307808,1.3108539637780414,1.814213049839526,1.2627206863076248,1.2215910240689196
1.611361575772993,1.6470733713218302,2.239454663136088,1.5915769218304396,1.421690302992758
1.3187306150326414,1.3506541434555683,1.8900341388935629,1.2948114481258233,1.204948318260192
1.2348298598657912,1.253234266357661,1.6507310668015158,1.2161901091793361,1.1298365755998925
1.2299472538598593,1.259043374435283,1.7698818422614817,1.210991693448358,1.1216280472190057
1.788204902773336,1.8270132428602714,2.4908126958031014,1.7682451834509583,1.7057715369171313
1.9420376602497762,1.9816828067721082,2.5907762478212772,1.9203175359774987,2.175069330002887
1.5146760023637564,1.5497752508283391,2.139493132518102,1.4959231752464919,1.449140623890549
1.258986574651084,1.2881430947861927,1.8135359972085996,1.2400536882554682,1.2973255599084248
1.174840807989784,1.1878261042011986,1.487997579266207,1.1591914228773046,1.1985738981160095
1.1378771759863402,1.155353460353579,1.5183802184901358,1.1178367179856146,1.2539062298240307
1.2992905256144032,1.3193088341427512,1.709099797710398,1.2793808990197357,1.3354642636569392
1.629235632687231,1.6613381713385276,2.233146716928701,1.6092641157162024,1.5278561940511697
1.353082279613652,1.3904259243108712,2.033076473493915,1.3320804967452078,1.613820608803426
1.9062858612681723,1.931146579212458,2.3818007313717073,1.8849646153532822,1.8388571685203166
3.6933348299201114,3.736546849859869,4.442483943337508,3.673869843966205,3.6234366413839827
1.3039899322275441,1.3259816135413538,1.7526684815331115,1.2847042210396498,1.4919984657380323
1.9713423268359895,1.9957892660541767,2.4638596142941687,1.953353857127824,2.243460583419356
1.3684199505134582,1.4130986817028572,2.1222280765452046,1.3486160655800945,1.2121263776041493
1.3422899378037505,1.3766583654292863,1.9623342874546628,1.3199074039491505,1.4409343219955324
2.3787897067107444,2.4047128429796825,2.89337306180558,2.3612079583742847,2.2768671072603643
1.2386696561765356,1.268515919443683,1.8226395983421246,1.2180940114469099,1.3459924570785606
1.3510867474891122,1.3687643411965116,1.729858456458179,1.3324253618286024,1.644933618248556
1.6675159809988982,1.690503844637084,2.139653350108079,1.645562311596605,1.6900987569349277
1.9526096177501182,1.9857885382371667,2.567192046834988,1.9351562931076005,2.085316058390835
1.8372920498968712,1.868056030726113,2.3966572889200926,1.8171925766329395,1.7318390031665878
1.199223299837253,1.227001654034638,1.7166142056704867,1.1796612083640987,1.269011650535779
1.3823707779076413,1.4148206411101671,1.9702470429560928,1.3596041963780099,1.422201746829521
1.4275988373542765,1.462113704428043,2.0355434181632357,1.4044001444180683,1.296639962397443
1.3215711741266711,1.3486481027929007,1.8600111625128941,1.3027330381070135,1.1687421388155552
1.3625858866291929,1.3998486367028216,2.0002889633677254,1.3400548152851253,1.2567873696638767
1.2252566122095854,1.2541204508613717,1.779083459698835,1.2059071151626832,1.2507934302586134
1.1199175013989946,1.139685288822094,1.5540098779970852,1.0982637772504977,1.0914843249376565
1.3739622456901284,1.3985567730509871,1.8505662271840326,1.354199701064821,1.4293589176634616
1.1742341722997556,1.1905550217784975,1.5355934233050934,1.1536497115579687,1.2395525963610314
1.3755195908519782,1.414093781437722,2.018752785189514,1.3542262036666786,1.456170331667854
1.1819607630200866,1.2079262655155596,1.6966453610539118,1.1625538288855242,1.2089738118929274
2.543164064886415,2.5699948840091835,3.0533688574916686,2.5258563221728134,2.3849152513355816
1.8210488634332553,1.8443245293373933,2.2845737950218186,1.800262138934877,1.9787948226918353
1.211143601242073,1.2327830497413932,1.6546017809157294,1.1911164092991267,1.332285598901653
1.9763565750639573,2.0091024687026584,2.5744781206801535,1.958936864069825,2.304934891190318
1.3520626411683045,1.3755612910637565,1.8134769141668903,1.3336335521816371,1.4738890125063973
2.002680635586645,2.0339530013037694,2.580691061055198,1.9817215544981241,2.19898016761439
1.7387742361031617,1.7728671510281924,2.3663787546183013,1.7132992961085212,1.6303356976569952
1.14509255228041,1.1675900931851255,1.6194418376053608,1.1263668642923514,1.1983859476453722
1.335825646967227,1.3573640234407383,1.7558203100619711,1.3141686800136134,1.0389293144774696
1.2565586903906136,1.2918855147431891,1.8717739292578832,1.2325953232680367,1.305882373706545
1.2557416811897064,1.2758170759468443,1.6803654113284652,1.234295158290373,1.2441389333315693
1.457272208906642,1.4964590383114975,2.1265179551987554,1.4375718847196834,1.459498792098578
1.6828434065430817,1.7239233419146534,2.362989085194658,1.6669448361429349,1.6600101706529298
2.1033892716288087,2.141597589443749,2.758781030811382,2.082154415515454,2.0701590064594306
1.4773295673219882,1.50063773906508,1.9619633191168753,1.4567195936505501,1.5543437866435728
1.8040383314072588,1.829219543723108,2.2779929722868375,1.783240717039675,2.0003112449030005
1.4097827797312539,1.4375876202054139,1.9389672751770943,1.3908167575788075,1.3725310544816995
1.2553570148149082,1.2848691980514368,1.8155895226493797,1.2372214589122503,1.14467598189254
2.0228347976298298,2.041571180796376,2.4263911153710205,2.0035876550674576,2.278130015900576
2.439683110795304,2.461541836074699,2.898617104320122,2.4165503005628346,2.5731351737145056
2.0114275608062075,2.0385473187393868,2.553391698306749,1.9925701678996366,2.003403161991789
1.390959475721096,1.428150118709008,2.0650353055835344,1.366806697351279,1.5296161052795025
1.2521627438222336,1.2782840297442593,1.7407259702954556,1.2326236303406746,0.9980185402295774
1.421144241290869,1.4463487185822461,1.908875284275977,1.40636565501176,1.4797236536347298
1.2211180558774166,1.2495656287458736,1.788853704650626,1.2025760043865432,1.3459754079190958
1.2736689444831715,1.3061977563089433,1.8523596633658348,1.2519712710144217,1.2416924956147675
3.671338127546008,3.70084483587937,4.22534635714132,3.6512036599794087,4.111633319664191
1.9079869974019337,1.9368114747459537,2.4322201996273716,1.886989690391168,1.9946107012371301
1.3568248467429365,1.387264342660289,1.9224156295571635,1.336636260806633,1.3446204774534547
2.0147865121407524,2.044999453457941,2.5699996071033095,1.993958165224711,2.2253957035478966
1.9414482309397063,1.9736803760272144,2.5336704265927663,1.9231439661998688,1.926157615112648
1.421538032494771,1.4452060459190665,1.8873326810836382,1.40220869276247,1.2089261852211366
1.3100624714895273,1.3429890568378064,1.93993393625457,1.2839501843749834,1.3201832779724827
3.0212148689060503,3.054569327429344,3.624717297402004,3.0004463128809893,3.0896555072635272
1.2872225331464355,1.3172240204560945,1.846050502843812,1.2658850185330563,1.129577351274918
1.288925527512825,1.3154843353636039,1.820679360492529,1.2682107500368558,1.3860112965225986
1.2299716624386083,1.2541505128218056,1.7334003228401955,1.210322471535369,1.5793773656954209
1.2255302272022501,1.2541633889057135,1.7688610430917397,1.2042976893126522,1.2702774442823328
1.6257678292614137,1.6540092786658054,2.1577618095635396,1.603840718010897,1.9021898368574177
2.367377541244495,2.387163345435955,2.7841823513879955,2.347827308402673,2.5548178137259216
3.352281538873523,3.381197886739248,3.915354131247569,3.3337969774519483,3.4510252263135315
1.2406397216789362,1.2634960359456224,1.707334796781931,1.2209245354747518,1.1451075282185406
1.468790837427769,1.4866755523557427,1.849806160607379,1.4492564438005546,1.4314753445347288
1.3320513222129549,1.3604605250886124,1.858111434523032,1.3112362826240256,1.414347774911695
2.4433563991138874,2.474263845762598,3.0141613194971137,2.4220665795623466,2.5230106499256224
1.622841330462062,1.6526082139053506,2.1687433481991043,1.6063699293853766,1.5070074255491561
2.25643938407365,2.2976173864121057,2.920682842843587,2.2334906972773476,2.1328069428088825
1.2385147510114203,1.2650028200107313,1.7418830664799665,1.219077824042157,1.3075742820260596
2.632094084263618,2.663329914721952,3.2062881044926708,2.6104202508269347,2.7334218047907948
1.2964214068147992,1.3256634175836997,1.844762381111534,1.2781662038759103,1.2453423455979853
4.178391567138468,4.2102893861394275,4.760327529245344,4.161654304868044,4.485677988246049
2.467767009780863,2.498063847647325,3.0171131133904106,2.444173156591771,2.5596863884091245
1.5571060503163352,1.5919050049990455,2.1857284892714928,1.5379950056745721,1.7066380125213556
1.4435118380920455,1.4766856615827049,2.0691290416365495,1.4198963125622994,1.526809931117692
1.2974322309981894,1.3184127292098409,1.7443980164596706,1.2803274262847926,1.2886500341878335
1.6636800831183651,1.6996866402939186,2.2881957778401603,1.642756237797501,1.8687168940804832
1.2891380992417965,1.3199168653267455,1.861322016795295,1.2710422384750792,1.2541818291756102
1.284866206376455,1.3221861772548607,1.9021624296997566,1.2624290325954355,1.3388283525608606
1.1234814732764662,1.143937579713099,1.5607329676089485,1.1015369922852063,1.1525635949262893
1.4943400154409732,1.5353156712707783,2.1551680528943953,1.4709287923782677,1.5527629724433702
1.9621171856643245,1.9903261952057363,2.5022725715240615,1.9424898652951537,1.9013900241152264
1.4134286165482124,1.4440410037056735,1.9926990804057125,1.3957611908603629,1.3860748978809576
1.3821807715094092,1.4170623418057486,1.9924278807070934,1.3605857895783329,1.2861376153865247
1.296220932330064,1.3324367025149082,1.935893733179757,1.2775528927288724,1.2853011099537266
1.7422668851558976,1.7605908328886266,2.1471862632507133,1.7200328544176506,1.9793860326463846
1.6394175571987692,1.6652029448429873,2.1388273088540646,1.6163561191815048,1.8264003432791942
1.3867565930606554,1.4075350938837121,1.8235684799169762,1.3672858085929094,1.3717747900493331
1.3740593008062845,1.4052211097993332,1.954386965124417,1.350020202131236,1.5290850683622654
1.182940112203439,1.2060296871642668,1.643659059811855,1.1618659386292416,1.115825582960991
1.629924427968506,1.6535908041601335,2.0971943957381707,1.6089462171292166,1.6698049897566891
1.0969556629137616,1.1211527695160572,1.5657631343962795,1.077233471342391,1.1985896944315957
1.5614287892973269,1.5764950418572903,1.9184295474322393,1.5442661860424327,1.9058990069556747
1.7554938267499616,1.7899303791662653,2.3793702629313382,1.7381220878807733,1.8515122215136497
1.2765055073263296,1.3074086183442066,1.8738372958765905,1.2595143058328206,1.4493459244896483
3.0685762217583674,3.0974343194656924,3.6140108912907314,3.049900038692516,2.930523523550063
1.1734553580640579,1.2021266122814953,1.6929436777787576,1.1552633549499607,1.2243135626391115
1.4238114274311888,1.455610821598826,2.018238328887479,1.4022878208520104,1.5327266938187676
2.650827874833796,2.683737137131634,3.234129352134153,2.6281954842915525,2.8052447580901183
2.0109897260633294,2.0373570270879737,2.526493248496427,1.9901461219471952,2.0264040672816015
1.6064234943676368,1.6379117891000166,2.2014787193487626,1.585480507429551,1.7077667192519876
1.3768425188423212,1.4062051619054603,1.9275586034279146,1.3580287444345145,1.4323813450083516
1.6957542037925162,1.7261510852856317,2.2310328567913045,1.67648221712045,1.6197460829578252
1.2991301504306414,1.3321522322927235,1.884833788670608,1.2838024199671751,1.1599492320575484
1.3769752972859521,1.4098261481461072,1.9746930006094052,1.3555002445390483,1.4783211766434092
1.135060063621649,1.1549607695095438,1.5594896604344726,1.115146772383462,1.128738597965036
1.3911643461160625,1.419795667571217,1.9219893931656662,1.3740151838997998,1.3791221397541913
1.54359956054629,1.577890008741905,2.1614720059453028,1.5206036779811913,1.5558968482838995
1.3917763105241427,1.4305268457488107,2.0520376388917922,1.3638994563409241,1.51740100041076
1.8116438444791183,1.8337111867979572,2.263464752605891,1.7909474850373281,2.0869069982283173
1.7743088021872755,1.8035406507038938,2.348998995382011,1.7538691155639123,2.0192081445249634
1.2725623827975512,1.299873503206818,1.8081391316123527,1.250942194282937,1.2189968448204096
1.357716544181206,1.390017264923432,1.9667494562277739,1.3345604093182932,1.1469573154045216
1.4069739602597842,1.4266078879392012,1.8274136758791335,1.390578388563068,1.2015905103865994
1.242626878285452,1.2722885356288285,1.786511541024784,1.220905711274415,1.1801607587473955
1.68284544548924,1.7062748477108256,2.1634230801178456,1.664487579041087,1.6610116881035855
1.1531038957390813,1.1788568071280465,1.657372970516915,1.1319715783556652,1.14367454015099
1.669338882690379,1.700223349559057,2.2312298907723065,1.6510012052695928,1.7731488993633624
1.3051601602562255,1.3349252139064014,1.8581486323371084,1.2892035192468634,1.3161070498809364
2.3911760030989493,2.4192974823091182,2.93586747071984,2.369299388498077,2.518058881871076
1.3116356935352556,1.3442063825763424,1.9066313489706808,1.2890082969166554,1.2619363101506322
1.510595825517035,1.5267890130393211,1.8956469770413578,1.4920230128523928,1.392301287692439
1.8376759438428163,1.8599519116546916,2.316847536087513,1.8193271010325787,1.7345132237851912
1.081758605563219,1.1044340557438281,1.5420123501779748,1.0621531085863019,1.1233917311607076
1.191550438826833,1.2091297574756759,1.5813621090297842,1.172509974362785,1.1495938533588081
1.3526491266314769,1.3723344765608374,1.780919673900212,1.3329610397195704,1.354823152843788
1.3191381484194897,1.3492707491913327,1.9060431840651146,1.2964456671278075,1.1687768997263532
1.2897919171084493,1.3158333586966835,1.7991726313306726,1.2707701431095304,1.4074256279540096
2.1497453198008163,2.188264515878189,2.8030548886848625,2.1303777982022716,2.488258760622334
2.1018758119531764,2.1304032003554045,2.670710879614003,2.0834249317908577,2.484713740568923
1.921097243088749,1.9574189305520744,2.5568633812530903,1.9016528440655638,1.719594769383232
1.3848186622632253,1.42074525106121,2.0476925786120357,1.364553002262042,1.1164864772029035
3.179597847348281,3.2125545698347375,3.781590624999465,3.1598510674217812,3.36951785068119
1.3174577518906203,1.3511359559761695,1.9457119162569487,1.293799958316812,1.1134582473518622
1.1993644552010934,1.2150866442298542,1.5553025355750323,1.183069909946917,1.2019194073022483
1.4510854456443676,1.4820932032113387,2.0005860873313375,1.4299291399733602,1.4629923217181937
1.2651138708047642,1.2952758792575767,1.8585886165709231,1.2480319043432284,1.4763116052424243
1.758795117152498,1.7918543660091886,2.395936196875927,1.7369544889357074,1.6314225579350534
1.279183153403241,1.3031007598066657,1.7550235398655754,1.2603727229807857,1.395000839815662
1.190290621634525,1.2138991157085157,1.671796680205856,1.1696767652346822,1.2423069576398378
4.908429726451462,4.94006653691847,5.510517326079672,4.885079296415587,5.104764773496252
1.703084343743707,1.7336480874226692,2.265382604678535,1.6798944264926972,1.509095036584075
1.2029632066065412,1.2302441636721433,1.7198112441782845,1.1820418610502526,1.1286106939179277
1.806706386822637,1.8422154614647765,2.4330255399081935,1.7795944239517876,1.8762375450133544
1.7567759053529926,1.7894466650636613,2.355523425674853,1.7364934838401482,1.9253329372528263
1.3435403587312091,1.3696956295209897,1.872768579046798,1.3242381264483631,1.2461888867831283
2.150436283479414,2.1844353496505224,2.753764439010771,2.125703937792067,1.9380946582618603
1.0732525003315838,1.0952927995217219,1.500160426500027,1.0583318224789948,1.0565961726794808
1.6999437061901053,1.7342281553062224,2.2984492294613963,1.674106093056495,1.8126154340374605
1.8389845284138187,1.870733799805994,2.455546131172939,1.8179096196655777,1.7731652260059152
1.4361482598422444,1.4657293282617236,1.9797706025135264,1.414857194384712,1.377513067914181
1.2690051307811738,1.2975118018056528,1.8166034377649654,1.2512919283721975,1.1093614170401558
1.525877982597275,1.5548806367403334,2.06904206832798,1.507222338058348,1.2478803815237447
1.3048571353574785,1.3346891054571428,1.8524692136850414,1.2783901656794574,1.4098525420356278
1.2905971281900548,1.3152233129910227,1.7924577941334179,1.270453310178079,1.5160184196939215
1.3606666210501477,1.3907739826285013,1.9186957064037742,1.3414994576899977,1.4331531961345825
1.5591545627924868,1.6017559307924174,2.292180974620693,1.5405239185041606,1.4787332551729122
1.9377288927411056,1.9718499200916104,2.5537587951405705,1.9203988884802952,2.030364629577429
1.7753540275578323,1.8004219216013229,2.2550827394937087,1.7587283053229026,1.8304089859545263
1.361322720345051,1.3872714851189536,1.874687370696943,1.3391239030080682,1.534238304285505
2.103980220034157,2.1291455617819324,2.6175458803151876,2.0862367006458356,2.301137041582532
1.5981344507673447,1.6311746447237878,2.2075503095134628,1.5766284512102025,1.6056137492122327
1.2833914124570267,1.3198665750390197,1.9471257460002256,1.2653178744764388,1.2269157966516346
1.4639834186885352,1.4893792124686254,1.9518948162739058,1.4450243600321366,1.561304488274116
1.3464121187517744,1.3682200770558146,1.7935067242394434,1.3319417539748897,1.305180225007536
2.2690437101135226,2.3023869425208727,2.8919882489712623,2.247357164009834,2.3054102802181484
1.0430241229561021,1.0631833325502345,1.4771311245209682,1.025232365735684,1.2830250196466937
2.856639197113283,2.891429286476458,3.490030191191937,2.8358343218212445,2.9698022222009692
1.4847156705463438,1.5145419656413894,2.0443981449969852,1.4604060321591938,1.2879263777171128
2.067752238124561,2.0990041281321528,2.625773733890504,2.048339890165043,2.1678174684465925
2.42189152490925,2.456436441582989,3.046538109120482,2.4013968605657237,2.492703565541515
2.1851201719049373,2.2136354779343583,2.7405134740694814,2.165978861247234,2.049013457330697
1.4294658633113222,1.4595977457955756,1.9767551033941777,1.4074541968143541,1.4874911863594844
1.3208012541054939,1.3448523127572003,1.77782815512891,1.29823144550901,1.3132564579246115
2.4291704511899983,2.4570690056224156,2.959190102100183,2.4069690822076932,2.4263983423161104
1.5983703925317065,1.6283060427918037,2.1493341658085834,1.577931636468692,1.4290661379758163
4.136290742588009,4.166379850804758,4.729977219979095,4.11772630670258,4.825919392249079
1.4008190493239316,1.4187221971115649,1.7947180839080266,1.383749722573499,1.4155333570569677
1.8094775631018665,1.83949228747512,2.360827380285826,1.7887066166430081,1.6587834024666044
1.2573379005589618,1.2930314725746428,1.8594315351419333,1.2359168624822159,1.2458307054988667
1.132817229880936,1.160405038941999,1.6453411103056745,1.1171820226008289,1.310927145273762
1.4972569538291585,1.5301999850183796,2.113696892920812,1.475674027254928,1.4483234495539568
2.6599001949809677,2.6949455688349397,3.2823772257412096,2.6378818283833896,2.720236401941932
1.4918861147123785,1.5231341664836506,2.0559617771897725,1.46996167271963,1.5033631357396537
1.7898680680631183,1.8163351047591747,2.293713638733677,1.7650851051503422,1.8206889910143165
1.6579942113269355,1.6958430516471714,2.30614471416325,1.6444652041713923,1.6779828599508404
1.5310327062562432,1.546125570411398,1.8905071256872268,1.5140989157090974,1.5133218538236164
1.061207417283243,1.0829113412561697,1.500379135580268,1.0424812520991482,0.9991184677434911
2.5528221435368654,2.57404621854125,2.9915483111315684,2.5327411550760117,2.9131744249760736
1.169131808123494,1.2021804400821756,1.7906566034167863,1.1502407651149977,1.1073554630123534
1.4038647817628724,1.4469298564930715,2.148298654765597,1.3817156520790275,1.2342837737768872
1.8073802122090927,1.8354165476774653,2.3325119004917174,1.7872726148220615,1.8091839738035236
1.4633641195235223,1.48899769305512,1.9690756912225145,1.442968684190544,1.526604289853163
2.2171063106674223,2.248562740435018,2.8005941164036425,2.1957434591204503,2.2444726758693028
1.2111579142118452,1.2464233668171922,1.8504410503350475,1.1949610349541169,1.4497255965406404
1.9612078856937138,1.9959105722600028,2.5718831993786093,1.940976314173906,2.062587436747851
1.382683798276531,1.3978900184429204,1.740501626429591,1.3669560855050187,1.5938649032689078
1.7766553802981782,1.7993051127008894,2.2260845437531023,1.757229807329606,2.0742854111409534
1.211869538656326,1.236902459398069,1.6933230135684667,1.1927400782115871,1.4445620743244099
1.4422633628807084,1.4750690088530687,2.006888089896622,1.4224795314103251,1.1424275938638953
1.5127524663249938,1.5540740117374865,2.198198268321162,1.4884146440794335,1.327903180451143
1.3244401220948137,1.3583307294559785,1.9133629500390015,1.302337432637654,1.2394000087883912
1.287248936487159,1.313453475151934,1.8093481018091737,1.2664567067648358,1.1790665368579762
1.256546638954533,1.2720180935842589,1.6102729377351714,1.2421905337995787,1.4337987805157466
1.6379977609074083,1.6725004043228024,2.260932410778697,1.619133800917548,1.5621575648164596
1.5890000588354136,1.6259322608288445,2.265328383174207,1.5666224308899142,1.5503978391156956
1.110558949780761,1.1322392783043904,1.5435446056199074,1.0889617434374543,0.9731685220044669
1.5267172011810328,1.5561436825819328,2.0577979241371995,1.5075616390584115,1.5368969001043764
1.2222584433020178,1.244457452308303,1.666638148830197,1.2039714416001626,1.1066682717667058
1.6306683996687976,1.6666428449465078,2.258711052982039,1.6097570259167278,1.7013351956240022
1.06369359287621,1.0861236490093609,1.5212115928511438,1.0412022581597933,1.170522826739876
2.1503845450407213,2.1767286513993684,2.68572427174932,2.127462973680674,2.501848290806824
1.2657052921926413,1.2949299293522905,1.8321401270431654,1.2442685950940016,1.3794234480799281
2.6492205771800617,2.6930396162466814,3.3684545218195603,2.6296949926363418,2.5591838667531084
3.7606472278350664,3.794599178884071,4.373528285467049,3.737400410213179,3.7314878563451694
1.6105784054411394,1.6457273830607724,2.2388057712343272,1.595399743950266,1.7690349790156457
2.1033651034241863,2.1375199330183916,2.7160710887720394,2.0808390235660728,2.295565017696092
1.3898187770955954,1.4201770386425574,1.9380485040254152,1.3703199162469777,1.3401571400962904
1.9211275770929368,1.9463132914850036,2.427197310515276,1.9017784815881842,2.0164672257507776
1.4243888922225079,1.4553714774315862,2.0138776599606505,1.4030823424624885,1.5791505170704594
1.5445933072240208,1.5824651116409099,2.1938388611384454,1.5222054732185324,1.6820678031980552
1.4200810120578324,1.453783330208652,2.04239394446273,1.3976491104123383,1.4305639770679086
1.1613857821016236,1.1947582577617335,1.759844802177166,1.1387158767675665,1.18258353130138
1.708521946940184,1.7283719677209781,2.135548418248506,1.6903518914896172,1.7218404123334257
2.1402153667990036,2.170673330635176,2.715427640126574,2.118206074461707,2.1723936180492696
1.4156699092408762,1.4444329775396245,1.9629122311218608,1.3956539872151397,1.5742382442968075
1.5389037950752749,1.5622661377877751,2.008022621377195,1.5199245366833964,1.450607822357299
1.3121748488246172,1.3359022789982924,1.775296059577417,1.2909626583058862,1.4953623323927996
1.5139246720214732,1.5395504973547092,2.031155603741351,1.4975055972930085,1.5560367882553632
1.5980464525771516,1.6278243894587499,2.1577687381466317,1.5786654382286702,1.4485135061859873
1.1048466556722636,1.1328506831819194,1.6166579346077619,1.0849902521826378,1.1858988051737303
1.2843739868507598,1.3096631082575079,1.7995537826689005,1.2688585670630501,1.3807879468025115
1.0946724069737281,1.1118316932515993,1.4803540389519065,1.077145380742498,1.068820624705887
1.4642578861917948,1.4997561811556166,2.1355228630213485,1.444418910873123,1.334612473344229
1.2792024074137864,1.302370764410805,1.7689613644547395,1.2584874706808096,1.4705607889315828
1.147361857687484,1.1675477603101718,1.5570553555204367,1.1312295011329,1.1139725607913065
3.087844245409576,3.120588536929146,3.700001198096791,3.067848645103979,3.3347055875193257
3.439100976226927,3.4604301331271365,3.8924502616267196,3.4206176349137976,3.368147360952136
1.4016791913876991,1.4295187281165176,1.9325802875789793,1.383034511097317,1.185391469300618
1.2237189438653737,1.2498300730999712,1.7439302644672223,1.2041745244041113,1.2002572660315607
1.3456683855187814,1.368954960957298,1.8127766849636433,1.3267654837632001,1.374685909065477
1.3458201960830887,1.384074458535602,2.0235036815789393,1.3266924774806654,1.507275638518964
1.4097557320803908,1.4472059624233635,2.0552007567476807,1.3915753491380727,1.4830662659815486
1.5771266967578481,1.6116293439481755,2.1825618264605264,1.556032263668188,1.5964389473977207
1.2139892779582386,1.2450133462716892,1.789292770731128,1.1938465905957663,1.252520957720945
1.2146452286204183,1.236473328902306,1.6315569296476307,1.1966532983225742,1.3252922085110965
1.3756088095636405,1.4102207292749667,1.9891998376966742,1.3506670728761871,1.2577987409647542
1.1243873257341714,1.1485538678516127,1.6310397018454643,1.1014757150255514,1.1757886525695205
1.0747520489519824,1.104779891024879,1.6222147000727978,1.0534261130266167,1.2977456344074856
1.8213939571480984,1.852349580383756,2.4039299882161442,1.8030276643522347,2.05954209514088
1.347493115192769,1.3849561548852134,2.009032053084022,1.323251632583869,1.324934504018319
1.3246708943957792,1.355387817654612,1.8846726360290396,1.30328538793649,1.3763654637065006
1.3060223315979016,1.3385848324633038,1.911313105295925,1.2832082663791944,1.4681352360800206
1.3977139260603162,1.4240774667807554,1.888986075017864,1.375873811712982,1.59007533319029
1.920166039709351,1.9462357788116385,2.403680669235528,1.9047469429156023,1.9040868418700403
1.57225228428105,1.605373534382613,2.1697554483423156,1.5536750906165981,1.614011821512083
1.4094413676524258,1.424048613422134,1.7738557205876173,1.3923205215808778,1.3936905497202994
1.7958993933327152,1.8281445042178355,2.4112935050677144,1.776992295349106,1.9845412261507192
1.428010466218621,1.4511291106980724,1.906469628473006,1.406956232216731,1.5926191390900692
1.1787294642430228,1.2048053367049145,1.7003845998664304,1.1615071514993645,1.1315756710441327
1.9124971196536336,1.9443319905289367,2.52514931171332,1.890989487378544,1.6575171654512613
2.4473612872034844,2.4814756471989576,3.0641637291263026,2.4289667804577313,2.52766139947152
1.1770148353727168,1.1947388643492616,1.5708420499797686,1.1601342883169488,1.2134963327940516
1.462047882838167,1.4895827710762761,1.9835175281674948,1.4420917807257687,1.4651579058065016
3.1850594129684464,3.2163953809905212,3.749173641877091,3.1662520706521518,3.650683095193224
2.1019904614557205,2.122844412050886,2.5485860483283864,2.082674842779524,2.106790925256081
1.3147332953781246,1.3387446812844694,1.7856731859917974,1.2938519691502242,1.3826972319530042
3.5576205220660877,3.5884808669423354,4.122921773491046,3.5384722074439496,3.6619192831312537
3.372268847368372,3.412660791754207,4.077471008628512,3.3527176673509187,3.599019226879326
2.6005177502831787,2.6318136945112194,3.1924828371098486,2.5792291748616583,2.314359230145088
1.3170274940506073,1.352425914180835,1.9579991799976302,1.2972418435098327,1.1723367310168005
1.4816894882760465,1.5195958984137228,2.1539274081670117,1.4628807542225037,1.3700668651566248
1.1584690858290694,1.1711949864302953,1.4579870542865683,1.1432886439819527,1.2949643810254452
1.332751600787831,1.3672294673992957,1.9973090872126713,1.3122001637657543,1.4081528840777116
1.7462700586494757,1.7670483982811969,2.1904726423285346,1.7251390360323116,1.6877372308447833
1.64295690072485,1.6745074788021432,2.229293016288741,1.6206557207074068,1.601182564490127
1.3054770497680968,1.336500533243925,1.8836893945690032,1.2882986557439742,1.2910047108480582
1.25574164280279,1.2760566666815985,1.6760582616255388,1.2369345408918446,1.129996213282542
1.3530396663636868,1.3820224228159814,1.8971414357475456,1.3283319075356372,1.5199542440748088
2.5137396389603386,2.5485366318228344,3.142543055638577,2.493076783506825,2.5258760934759357
2.172153311507328,2.1959295552714924,2.6524664005791245,2.149578959391466,2.2151764323554843
1.4250104278368134,1.4541934459775057,1.96325366472395,1.4035015886691107,1.431724799509674
1.5711135443356519,1.6000349692468605,2.1178835124266637,1.5479851756734888,1.4964103442378631
1.2495824865558205,1.2770968829988605,1.7850020484524043,1.2282985894917093,1.2825225745670334
1.641581580601054,1.675479493296999,2.258965245686251,1.6187290190302979,1.6919464654793506
1.3380526764024832,1.3708072200315116,1.9355020379142485,1.3157979972710876,1.3848375839696212
1.1903610639827862,1.222978993271232,1.7919843609932111,1.17183962016507,1.165329954726545
1.1064196408385818,1.1191343241068499,1.415990470079089,1.0884867472753967,1.2709515463896284
1.1664574952624525,1.1879989806274744,1.6236109325185963,1.1414952612273943,1.2264420211122604
1.57234415357519,1.601050282803488,2.120597854545341,1.5510780970901938,1.6882612092955978
1.2234293840225523,1.2524273546652052,1.7920493398784902,1.2019054431815097,1.3297341705615986
2.575964860127928,2.612843982122672,3.264810116388041,2.552919945229191,2.310203833884504
1.2097980265745492,1.2304089380780936,1.6389188078328676,1.191023308593995,1.2846037801526364
1.3069828001110737,1.3307017746114367,1.7793047560500237,1.2908242049892653,1.4316904528298877
1.4015892951429403,1.434568931766714,1.9876647603331017,1.3826288959644848,1.4563461488925793
2.946548940904844,2.9760795326471303,3.4849366872427825,2.9247935966254954,3.150545643941213
1.6666775559867018,1.6977339677070347,2.2782012257616433,1.6469678323162964,1.6276112118810047
2.455117026582263,2.492316663908783,3.0904110756286953,2.434371838116361,2.511644979432143
1.3030878686772096,1.335107867676199,1.9227355137086402,1.2819867328754142,1.4003527134545037
2.909598239882635,2.9486473962473267,3.559336485842687,2.8813834309720443,2.876852917348015
1.2286119381617953,1.2505839845018487,1.7035425412779401,1.2094106931581985,1.3319962983901843
1.3555666283519028,1.386095411476459,1.9064053912414152,1.3358041765459387,1.2785535520193783
1.4559998667044387,1.4857592839068487,2.051617558204493,1.4312974502241382,1.528045936133405
1.8160807353189725,1.8440460917194703,2.366649452210471,1.7961568009383897,1.732126760757587
1.4206494055166892,1.450723718114755,1.9716123404618318,1.3972823608735936,1.3526771857517168
2.20148343598367,2.2345574698353783,2.772501809879428,2.1839825383272955,2.2823774087070237
3.788109249265549,3.8183167475953423,4.386717349304712,3.7656956918509854,4.0261826463458465
1.1813223439601273,1.213486329387842,1.7611266039392963,1.1584314655180632,1.2542099673599794
1.4803564634613988,1.5024077399396998,1.9231602603487885,1.4626601359715001,1.3272996583213197
1.4902048066716795,1.5187000976161242,2.007670437587387,1.469864091199825,1.607738240132101
1.0743106761079126,1.0901957377069253,1.4307684404597287,1.0573530292285924,1.236363067379992
1.553986512000286,1.5893541868405363,2.2087898488448063,1.5333180663920465,1.2912162079097518
1.1987486905001203,1.215357252677789,1.5878710378566412,1.1815962569712903,1.236372304383227
2.773464705656432,2.8067938279302487,3.3678847232043623,2.7548199691632473,3.3139263687255216
1.675502666585439,1.7039507582130402,2.2171991160668045,1.6503058142109457,1.5887062393340365
1.2747437914326865,1.2974531452060738,1.7274600582247115,1.2551734842784619,1.381481138121017
1.3524880050184473,1.3780617421305337,1.8606940195583737,1.334387118295127,1.3239506565747479
1.6285269940927978,1.668314557613031,2.3162558946695895,1.6098054754992057,1.6596290025777574
1.2935681402520318,1.3218022777752463,1.8553262646591975,1.274861722513694,1.5199087330372607
1.1385634675315035,1.1646204771839943,1.6499445613560118,1.1167863100003461,1.0157220596661318
1.3087310463608886,1.3532025616036443,2.0297827291108836,1.2882084317371283,1.4656182225137449
1.241220876075934,1.2736440662607855,1.788600802886395,1.2228837247840993,1.2484789103183556
2.7756298974324274,2.8106993150056194,3.417057233675768,2.7547491161657707,2.7378688756689247
2.894768804551034,2.9299902089174177,3.54294674765902,2.877680986146887,2.852873893512131
1.4693180161772792,1.5001454309296474,2.059103236613078,1.4492755564645834,1.5819119105414101
1.4145319824285696,1.442152291400159,1.947265269674931,1.3935660438135795,1.5444464340833555
1.2368559386235116,1.258485178215082,1.6678163976590235,1.218042504744783,1.2261455848262286
1.217994299596801,1.2388850286029864,1.6548488597925628,1.2000449768013057,1.364820607316438
1.4600597819624186,1.4893682097234509,2.0253005297152296,1.4413628606769668,1.554714453693643
1.4040546941463339,1.4375887864705634,2.0000795375839795,1.3790123228768247,1.4343801274299388
1.765397793239131,1.7981101219297633,2.3667673086342322,1.7449470127616977,1.9119055233224633
1.4049670998469401,1.433139260157462,1.9103443464500476,1.3795003964611108,1.5758662898249798
2.3292899494302346,2.3591007027250273,2.906300474315496,2.3085213023478843,2.096359187584996
1.1999520178052305,1.2226381102143256,1.689824704668763,1.1792207420662915,1.282153786749789
1.4238893494280902,1.4502024361659442,1.928677297712103,1.4072887308160547,1.6358516702505304
1.9707106563523835,1.9831341371651001,2.2795231431666183,1.9552951751888088,1.7832814635566836
2.2173811238812804,2.238752136855273,2.6597530171693666,2.196095398119288,2.3363978321066936
2.455374730552842,2.4789240440827767,2.922206920344288,2.43506459359721,2.4873395187462757
1.5408038828324964,1.5753034014811196,2.1642674725449362,1.5249585371381553,1.6074683319914713
1.1553008897246946,1.1757068005376194,1.5728352305229776,1.1383177695217972,1.1456480128250923
1.1437491081838471,1.1714073115932209,1.653629784517779,1.124794319308878,1.105253431963519
2.0565875854087623,2.0873125383039177,2.626037399693884,2.036911621426424,1.895872100789938
1.1972863689846587,1.2240800106959524,1.7235468931993263,1.17827457600007,1.2008641289741715
1.4713931191628233,1.5042461149221358,2.063381563826286,1.4474981712288206,1.3745334965943432
1.2293072986818399,1.259937044721707,1.769974919502289,1.2107080652168594,1.3251604908208197
2.2928212750721984,2.318087954590245,2.79707492645098,2.274440674397602,2.7488831183745512
2.3146776136174467,2.3516215501245266,2.972974423524848,2.294208781996923,2.3455343714759214
1.6116268454815468,1.6390850486768485,2.141595909885976,1.5896327454592232,1.717321355814121
1.3358874378672312,1.3546526268900356,1.7384967825587876,1.316597355849967,1.4663932263396704
1.1289236797431372,1.1451610819799498,1.4941886879550812,1.110762032295251,1.0425242628366007
1.6800275473960309,1.7220265924977785,2.4008720793695555,1.662043099042468,1.5549207881944946
1.7562134878172766,1.7863217215385927,2.3278603490876106,1.7372745792074253,1.9446129610206502
1.355634794612153,1.3836404028739795,1.8842865846855479,1.3357872141387834,1.2399309183535128
3.1852866117212146,3.217219336312171,3.7795022705620203,3.162292596378036,3.1886402030740366
1.6687616859341938,1.7018045231868462,2.2627215171457813,1.6461995708476618,1.735572130341721
1.2501878715087054,1.2845717891376147,1.8685376453744322,1.2248851350824004,1.4081344123381219
1.19773794759831,1.2148144807822767,1.5644993948185206,1.1795610619885595,1.1415166324312431
1.3098198602864914,1.3314903789635748,1.7633699746380365,1.2871141830937862,1.5999822119818417
1.8488478298805182,1.8744448945512944,2.351474019234283,1.8264111598377841,2.028582192877248
1.4886344175478452,1.5237695556147726,2.1312284947634415,1.4677428007985742,1.4718458460213184
1.5357522444087945,1.5657454415268823,2.0824932818166353,1.5125435910641256,1.5807821467008918
1.1745420947909593,1.1921706690549954,1.536885826476525,1.1559485641033251,1.2187226236743058
1.4583075207823142,1.4932397131245536,2.0868710004232414,1.4333428790586384,1.551437669632627
1.352026670304542,1.3804594177055707,1.8966688020318754,1.3310642646284059,1.429829144247426
1.331528845430053,1.360855469441749,1.872820751168058,1.3122918044328291,1.3722876513048399
3.516532079086908,3.5350788148435304,3.9189665014549897,3.4980520483617132,3.855482897237624
1.22909290201963,1.2567567278341296,1.7425734603592062,1.2136751816359226,1.332530537351058
2.140706018360795,2.164116722051095,2.6268849299259323,2.1216224161475896,2.187158438355543
1.3596643554208652,1.3845685475724785,1.8478474143594155,1.3373638249091977,1.3313016084073366
1.8780934923222568,1.9151608712544943,2.522482686712986,1.849735533755196,2.1095621080698588
1.323553820392197,1.3640827466578462,2.0282083919039056,1.3028242972063082,1.175896438798753
1.0955592194281891,1.1131116506891403,1.482755145772099,1.0783579407872148,1.0725578968653442
1.3911737796810997,1.4243650920221502,2.006146307587148,1.3734134029553533,1.5792658260728947
2.6574568067269744,2.694545926933685,3.3283697876263005,2.635642353227772,2.6145192214649287
1.4898760392305275,1.5138041229078412,1.9797661906748956,1.4701076741376538,1.8415113514189594
1.8383848662484141,1.866152155496712,2.37855534928035,1.8124586144632089,1.859969499318993
1.927688169830888,1.9659563202503316,2.606165703698734,1.9041471026489898,1.7434601704252461
1.7869192804196063,1.8170209025052508,2.348477792005319,1.7667216672377724,1.862689817131833
1.712601547993896,1.7386861880296318,2.2125883717550185,1.695754047512095,1.6773151809768554
1.3403357832123,1.3732758187235645,1.9464617625463787,1.3216539156154685,1.2418495937783969
1.2256607420548,1.2534490592797751,1.7517429190645533,1.2061336131596798,1.2755344378137392
1.306994105571884,1.3336482436791286,1.8223736377366238,1.2897484470973288,1.2933067281324513
3.2293423132546906,3.2665511772194735,3.8984594470472844,3.2102194150962093,3.126809973585349
1.7739827474250984,1.796575680233417,2.228087164256665,1.7533819096738672,1.7159239506340602
1.2231009348902786,1.2564526892340493,1.827355523764131,1.202446317119064,1.2898552130399072
1.2686659160566607,1.2971583511841438,1.8097002327265164,1.248151527032375,1.2864913283880604
1.4723539778123997,1.5091869437619967,2.0991280123235017,1.4484171468733231,1.3565268137186912
1.5391562759284487,1.55620196208009,1.9197372808058566,1.5208924629243312,1.498007222296754
1.2891035780571474,1.32794628949823,2.0018167710360566,1.2720764103071713,1.2456673867664243
1.1265280334790138,1.1406740706741818,1.4510820057040639,1.1101363538438669,1.2568421041658941
1.3689127750061345,1.4006627519353356,1.9442165889563405,1.3450951909641191,1.3833189889649535
2.4582262794877434,2.4955090635929746,3.1229766195857,2.4303671117462633,2.920294698674556
1.3817791454841717,1.4081187573864378,1.8759487671186892,1.362885884414011,1.2583894770980226
1.9259240790806689,1.9606880303325325,2.546375608162937,1.9089346273072405,1.8829944482757186
2.57895116185722,2.6175933575365162,3.233305603846104,2.5538445736640343,2.6468765048184286
3.2351931786328247,3.2690781168098124,3.8465900602931478,3.2137747331439006,3.5251892851937012
1.2324705352801102,1.254415667760089,1.6757687400345656,1.2169964693486441,1.1916354659702915
2.2984554671955766,2.3340734944117365,2.9357147166008195,2.277760411350319,2.3204080143655346
2.9283871115351126,2.94693174552844,3.321304999767883,2.909207983976957,3.0582396708544426
2.4463846115044925,2.4709917231864953,2.944060670937753,2.4266581673214183,2.475074198865788
1.2686190393723316,1.303224291132512,1.8791242914115276,1.2494097811648026,1.3837943210313801
1.2105719746237735,1.2354177846918455,1.7340976684558371,1.196291375184138,1.1805329056297973
1.1094397415554362,1.1314855682753506,1.556116696363681,1.0923266784417829,1.2041218368781859
2.217955218193851,2.242443167323251,2.697415800173202,2.1970309769397547,2.2177294287128553
1.297629035416661,1.3302548077918845,1.903464308700014,1.2747644296929816,1.246129195443091
1.2437632539635457,1.2753223735196522,1.8316932988885575,1.2239290909230642,1.279304523365433
1.0535799502125995,1.0727009854462728,1.4554787588384133,1.0377347746637806,0.9525929404477924
1.2880146777720805,1.3155572592887501,1.8201881504734194,1.264726735578674,1.333532690013398
4.575370328726101,4.610112074544359,5.185813104920707,4.553830740864242,4.988879652803606
2.430544869727689,2.4556235049827824,2.926008467454081,2.4046316443592244,2.3740420639468525
1.4393458515074111,1.4651460442211097,1.9320072496601712,1.4175954266568915,1.319219787650871
1.3282506522487965,1.3588766975465734,1.881064503476987,1.307223842689917,1.318708985832778
1.2124403342908219,1.2404622716173104,1.7661238762769094,1.1880106071031125,1.2013293774808125
1.6339253160165113,1.6618432689304896,2.1889765676124684,1.6136512705412263,1.6306287948851632
1.5943848201751627,1.6264121022210936,2.188733114387148,1.565489532595042,1.5347504910003762
1.1759352048647151,1.1965023032514193,1.6108101973081246,1.157088170144895,0.9889579541816639
1.2635578810974186,1.2978261669781566,1.889517040599019,1.2403207425288238,1.2786638171566647
1.3306456407346088,1.362289762836795,1.8763063844001198,1.3143018822794528,1.5559983666291957
1.1637988506238381,1.1925442142070688,1.6971765740230587,1.1416810121393466,1.1707017290857458
1.174377121506135,1.199752450951376,1.674885240665901,1.1548029777016329,1.0518922511652384
1.4083352942777194,1.4460416163063845,2.0482328185678527,1.3896751636264135,1.3804404465007878
1.9885841764171348,2.006128123374995,2.375124501741031,1.9726561903037685,1.9549400495064542
1.835117893805479,1.8683282994533452,2.450333686849911,1.8152232485110955,2.1840284709121756
1.3394542279419972,1.3777177760365487,1.9705423941279943,1.3200043503758079,1.3678948041660248
3.1355528808386066,3.160459686079793,3.6037326387858934,3.112234172797873,3.3663561723871247
1.3863318650826533,1.419002110156134,1.9504147541180656,1.3655538431199794,1.3120426513019057
2.64861089086794,2.6752342940072427,3.1686721611641167,2.6234455472548834,2.537702762564231
2.4129642103883966,2.4489422624438064,3.014862676000822,2.39312277173856,2.3976322526955514
1.2499976875058076,1.2749956799519466,1.7328490506505292,1.228541337496269,1.4089001335980957
1.1738447919032755,1.1980839579572313,1.6757609511242848,1.1553749919180478,1.3688638255449244
1.6371825363645847,1.6637895969085061,2.1358312483947404,1.6189161187933498,1.8846890854013814
1.202708044417027,1.220796833495208,1.6044571789112854,1.180696787825347,1.1929884225019924
3.145814472690682,3.1780833628773535,3.7196673458259415,3.128438564552609,3.4905616152161665
1.4294391689940757,1.455888218157808,1.9444806414432811,1.4082912962464826,1.3511958380787534
2.009588786963079,2.04297650126621,2.571045732291135,1.9916665156877702,1.9225738796225083
1.570075996577486,1.6022810298359154,2.157660174580708,1.5514698623782897,1.4779676891911606
1.3649264633208384,1.386924207772153,1.8549761908617295,1.3425955626337436,1.2876719721274186
1.6200645316880589,1.639231113486817,2.019975979220425,1.6019835156523383,1.4384699900284192
2.2595841739838143,2.2868255814296505,2.7782916622805365,2.240762291248401,2.441164764364678
1.701869459235287,1.7320952484024856,2.2732677042173792,1.6876463750659711,1.7552309919231146
1.4151703959731043,1.4564538606789486,2.150501559856343,1.3960516918483346,1.3264143407711202
2.2144612448457126,2.246394720491024,2.8323061189141794,2.1916948254297695,2.149335394800654
1.4323384803906807,1.4567381679342675,1.917138590029845,1.4119819457259495,1.5983529364119358
1.4264761560254329,1.4563830572769505,1.9559136396188241,1.4077581507815111,1.3978406893335942
1.4114827666515877,1.4479374834360823,2.0504853407530463,1.392477026454651,1.3745598127059964
1.2065489573577914,1.2301147579690457,1.6729307814834926,1.1874270271782952,1.3617399797449146
2.380046612294782,2.4116894842230283,2.961064519513129,2.3622182833279717,2.5340113358310474
1.257204816205575,1.2874684743625486,1.8221287148939471,1.2412464003497299,1.2747386568824208
1.59033279971365,1.6112848148597596,2.0306553939090373,1.5721925674406292,1.5433883107248567
1.4362961690541305,1.4709694421425048,2.0746095093304167,1.4147622303503178,1.4004541482707356
1.0447470183311771,1.0700159030222083,1.5184526381978554,1.0242654315237185,1.078591053999486
1.3170137347073245,1.360232612855322,2.023507225095048,1.2931872496959693,1.5595484043603025
1.3846581257760235,1.415708808989285,1.9447962873046167,1.3622700523717501,1.364490013453478
2.119448419444161,2.147634454242751,2.6637120272436445,2.099029494626406,2.3578076942445607
1.9458602999666221,1.982806362364443,2.6020046697898653,1.9220555226371145,1.822968059815952
1.2942039517286617,1.3152965731893147,1.7687473035943755,1.2781816306834881,1.0718928011671445
1.1891828529152522,1.2147139475556612,1.679467924406236,1.167815134987945,1.219853053997988
1.2284023457993352,1.246543464446398,1.6264014693149553,1.2095435790762505,1.1288094917433664
1.2573184026707276,1.2853392834686561,1.7936567287377803,1.2364276635229419,1.3574424363656852
1.478842812890166,1.4970578989204921,1.8742199397692771,1.4584347439877532,1.3832873570058517
2.256511362755275,2.288162091968078,2.8408741941552105,2.2359357405061973,2.577032878859511
1.9870617131578758,2.020947536361282,2.6063110487402277,1.9633815045544194,1.9837928585348321
1.0542383660022163,1.0686050706252899,1.3746845243119448,1.038781953176351,1.0576705570346314
1.4664111238086555,1.486948499433245,1.8773875496696122,1.4470734690589548,1.5659246796194703
1.2586882389792573,1.2871982315037813,1.8002916023717677,1.2420365249327514,1.232497086307972
1.3245429373066284,1.3549672818514698,1.871327331287388,1.305077860266256,1.1802700571594156
4.479087638308781,4.505206816394117,4.990371719700021,4.461154066629146,4.593866251489328
1.1607332661064655,1.1842952614087863,1.657549652424445,1.143866448636249,1.138905023114497
2.1547261094613246,2.185456821323333,2.7318683403312303,2.1362050713060707,2.11390815844705
1.2950653749438625,1.3228092967840706,1.8345032775968504,1.2745121004116449,1.490117035253492
1.3747411325928762,1.404924834437622,1.944039920542729,1.35197796652596,1.4033138229240008
1.317248553455031,1.3529778076317869,1.9439198624121823,1.2988153749514861,1.2918240992372212
1.214080340660875,1.244315053292494,1.778352843403026,1.1893124461296052,1.0802164270349155
1.2971021664052391,1.3220300910897638,1.7966644495056567,1.2797315057235503,1.2185418532890315
1.4094839084781172,1.4458036537187335,2.0279656820689955,1.3860366299320137,1.6288820105907666
1.3676607886512022,1.3940260064849888,1.8675603282194075,1.3472844198346645,1.6517752341231635
3.6555305041967863,3.681180116650851,4.1564574553642935,3.6361027618959874,3.7538046609330786
1.2301681791204016,1.2613764078679572,1.8507530930848286,1.2068789972684395,1.3381039155714365
1.2228411307653915,1.2493908904768138,1.748072991598663,1.2058176730835974,1.2866221464365115
2.6953914070936187,2.7292041979187793,3.2904368875016434,2.6752558415399212,2.5728170370378374
1.3952508103469392,1.4308273100220286,2.0081089770012537,1.3713649201197127,1.3898877667771719
1.288671535247748,1.3218452984160716,1.864330701060654,1.267878262720704,1.3964648347524637
3.134060375136001,3.1678128893785935,3.73678703613609,3.1149187657684285,2.9524426246023983
1.3718925158075086,1.4069357371711742,1.9867005460358516,1.351730141308966,1.3216421032278165
1.27600587075362,1.3058746273128508,1.8617899913691134,1.2585467389705853,1.3394443857167262
1.3562276711552796,1.3853791466139385,1.9008825250550512,1.3396630170348303,1.3613692413842464
1.1774500072755305,1.205327149509005,1.7235390135815245,1.1548605796302853,1.1219266333375972
1.5939648251227283,1.6220666057560638,2.1340674146258776,1.5770018360882239,1.621610258432386
1.4101214867812535,1.4432104922652194,1.98181840734291,1.385214108518997,2.111506002042203
1.2308711789387816,1.2537810444470834,1.694681174339197,1.2131090863147906,1.1103208994356837
1.6510413299362363,1.6723778824116473,2.0776917383505253,1.632812108787789,2.016220318024023
1.5144983642612941,1.5472101786461545,2.0998721589744447,1.493428218460361,1.7506555635390582
1.4952578114595956,1.5187758498377644,1.973249878425281,1.4757669218363358,1.4669373360776234
1.5726334926195362,1.6007363883493197,2.11673007344448,1.5527293923783647,1.6403170165152372
1.4925915225011075,1.5206742281873342,2.044135108264331,1.474830824149841,1.307600139686561
1.4739277710950598,1.5083238292531704,2.104658049866571,1.4497025028302675,1.6092855210337027
1.3466557923135936,1.375755310818131,1.8995324635049802,1.3297211442662626,1.406214321690346
1.410434921238088,1.443639626725146,2.0036863515322634,1.3885550347946871,1.5850723736274974
1.6617490866969566,1.6956235070753354,2.269929232350647,1.6403623977416866,1.6669673893864385
1.4765195803201194,1.4981947188212814,1.936627696764571,1.4583046227086323,1.5468574460979176
1.43490504701615,1.4615132680888574,1.9780214167684338,1.4126033691197075,1.3439300836558958
2.516735343793906,2.551000403709054,3.1221818088791666,2.492478362035783,2.4557785394142817
1.1105767585739121,1.125674781604347,1.455054030292379,1.0941765300654194,1.2257584698108845
1.0771664273037367,1.0942993820134284,1.4456074591593773,1.0585974049900029,1.3229011809909816
1.5176853243471724,1.5465405550398996,2.0571269541511974,1.500810339493705,1.4614201649795155
1.2421344891500077,1.2722344091800386,1.7870147133887446,1.224395657431796,1.372693350786642
1.307232201228796,1.331419007894247,1.8214415942697186,1.2879282471516005,1.3366357831575517
1.8716959546853427,1.895938625713629,2.3551245837213264,1.850581070762351,2.055395870088609
1.7516494174457975,1.7822509114358644,2.324277525796324,1.733461985996637,1.7851192256308708
2.671860631321899,2.700226812218977,3.1977452680701233,2.6534320187443994,2.7123851041258864
2.3926662895286035,2.42289161330552,2.9466018583075373,2.368877491813044,2.315540739473747
3.1085921532013097,3.144719689958598,3.7859690877531333,3.0877982862723687,3.392882342311686
1.395408016910446,1.4217716871251334,1.9072630377891417,1.3770816275554296,1.427003789170765
3.2298769466537918,3.2655137649160855,3.872035470056617,3.207696863890829,3.108956933657844
2.1022685674726276,2.138371828099964,2.7468687796551476,2.082780053309208,2.035792982721671
1.0872208719104168,1.1010091127177186,1.4193907849725784,1.0715360260722395,1.1374172819294168
1.506827499845861,1.5397837274678252,2.102442519003203,1.4897121229599921,1.5768329054056556
2.195291144760076,2.2202503508092675,2.69542767692822,2.1711971403148547,2.0639076824531815
1.339212179329459,1.365815341233441,1.8457767826394438,1.3190374815395383,1.4192523811411382
1.1994590877892424,1.2294564432600996,1.7526317058851806,1.1756486873862149,1.2172387866857903
1.4838403160134312,1.511235343391914,1.9777624628073702,1.4641209051456268,1.487476007723972
2.6459346352692927,2.674621906622769,3.1967960679015537,2.62325914992994,2.8676429994378756
1.8372729007827169,1.8749323570005378,2.4901188689173743,1.8190621633794781,1.4645857999316965
1.1044794450393942,1.122752477890609,1.5298947057212287,1.086182089844766,1.1785853026608522
1.4482813073067526,1.4669088781478425,1.8510993692163469,1.4277186063655867,1.3234621443044574
1.3964110974204607,1.423475912018665,1.921294734082574,1.3745442881705607,1.5907021601090159
1.273457365457179,1.2990411568201727,1.780596461011981,1.2561391234575243,1.2451484974426315
1.4292835288863803,1.4564759887079075,1.9483149481198592,1.410102017804697,1.4607502442073266
3.1030713710172617,3.1374652266354466,3.7119171369864334,3.0782343754282415,3.048190328593002
1.2529675772230813,1.2748036855639124,1.6944983298263674,1.2323957506475545,1.5077630020954298
1.2305582883489523,1.2503674617603115,1.6300798730251236,1.2114219846975813,1.115107439602761
1.4923841330306133,1.5251246078897722,2.084253046406185,1.4678078972971302,1.402841190413262
1.1228025792503362,1.1487562010042978,1.6429910257177276,1.1032228911153226,1.2309542434032277
1.429140422067188,1.4562251696080541,1.9584905179432857,1.4078581107359818,1.5548489104227494
1.4864819097999624,1.5032847631893806,1.8574096520153558,1.4692944446932703,1.5015879550712574
1.4759160910565816,1.5073371044320094,2.064300463555437,1.4559510090797045,1.5353690677328018
1.3530208922477847,1.3783949153870576,1.8678149135458582,1.3304491168360497,1.370490830252076
1.7859475192325363,1.813395047670624,2.3118951243913632,1.769492433124607,1.7535046609444676
1.279113238800015,1.3079128572155572,1.8417936849705754,1.2566999120005635,1.2855947530474106
2.644519530101963,2.675634213469733,3.214796903374334,2.621901688699198,2.8326101019517242
1.5513913845870904,1.5842614795848144,2.163452445680747,1.5275232209217964,1.7830161368313804
1.3221187156426306,1.3444908098772514,1.7699595094471081,1.3061250635930883,1.464305670295908
1.4059199924187695,1.4440077968736376,2.0925528454851423,1.3897542429798864,1.4725075102529819
1.1822018932810814,1.2077902066748267,1.6767580340275678,1.167664078415801,1.504815324221431
1.3882536543183617,1.420968607932813,2.0058962827588034,1.3672391086017628,1.4833497747975852
1.3191505773901686,1.3457647836344298,1.8510066269319196,1.2984391369409232,1.2201418990434272
1.3298441629103033,1.3669887455134935,1.982213884551983,1.3110403192055071,1.4430181588055315
1.8204682649431105,1.853009434485248,2.4256583549928132,1.7992735313702481,1.9857112934151184
1.393972613238917,1.4347637420183557,2.0813247401581645,1.370650636483709,1.473415256453709
1.3098290573844662,1.338210163573931,1.849369462786417,1.2865555602343188,1.277032870522999
1.5022152428745614,1.5226241576896906,1.9295882552271277,1.4813563688820492,1.4591063985874215
1.7801580639872743,1.8133017409885668,2.357684293933553,1.7581025027999424,1.7855833486976582
1.3004169530953595,1.3312933414302015,1.831637875930021,1.2823927689987602,1.3790260751534824
1.569259687425629,1.603432078090946,2.2124988700978587,1.5491377089494642,1.5399210799607015
2.800464598809693,2.824407567130377,3.288591316603533,2.7795425359278796,2.563464344001551
1.3336193818107676,1.364316926430249,1.9154600215445625,1.3071945054664837,1.321076013934986
1.7298636045064926,1.7598917340062799,2.287162019376216,1.7083058756665213,1.693748812294778
1.1204081739181588,1.1420417455700178,1.579242570460553,1.1009541464535308,1.1106708316977636
1.270381419352016,1.300459754899368,1.841143769165609,1.2506185171783222,1.2775215514403175
1.203350445910327,1.2285005673409493,1.702554971739718,1.186007161518639,1.2990257143467558
1.2578413334991059,1.285357777394697,1.7899909358745725,1.2376858246143874,1.294473059050081
1.388367413965838,1.408228607893685,1.7899540797979665,1.3688828269066409,1.445412517215169
1.4602387501867475,1.4874391135515435,1.984247515467082,1.4401809805002446,1.4809468795930467
1.3330107891783514,1.3703016367061949,2.0093481034595593,1.3093823160728477,1.2836879412085556
1.2527419929335726,1.2763992202978676,1.727397950524848,1.2317571645694199,1.484374967347803
1.244924076953104,1.271316392974752,1.7546759692857663,1.2247381193070228,1.3174080564707653
1.2532258310589182,1.2857694677512292,1.8606349933823394,1.2311317725424382,1.3755537914033975
3.7048515768101833,3.7446647583417905,4.365672200199478,3.6840850321219545,3.9559793799728604
1.8940477492951608,1.9256575369635036,2.4833169705048044,1.8737856306706546,1.7125960472711648
1.262797794084209,1.2958808212902388,1.842126619861984,1.2417518550247173,1.3682613989428
1.2400842459567034,1.2742938240050519,1.8662692212459033,1.2174100459858201,1.1887423595919704
1.7660518128178218,1.7877903145272924,2.225505860922394,1.7491384291095122,1.814809612250486
1.4202237454835078,1.4481819795062527,1.9822681965050482,1.3979497016940137,1.595634102771434
1.134407012811116,1.153687078657222,1.5519958325593748,1.1124434015488647,1.2690290136195552
1.6105034551743969,1.6423166014649788,2.2147261427789813,1.5955172181905766,1.8052110965808983
1.1745931889365082,1.1950399074186677,1.605119184874716,1.158585770570812,1.3974852265139563
1.1537539715277034,1.179079341839921,1.6447851596696483,1.1361910740189194,1.1484835652476535
1.3644546691652606,1.397415874904081,1.951316448040552,1.3403932461470045,1.163915966632633
1.244147380947377,1.2642620820456907,1.6813715906812978,1.2230648078179507,1.119668901963603
1.305455502798645,1.3318890049569159,1.8119702478311754,1.2846342488885765,1.377110104243688
1.2750730822950738,1.28955962775607,1.6040998887585718,1.2591841937588109,1.245594091655227
1.2859475709220276,1.3114954163726489,1.8174986610011228,1.2672165741980537,1.4044161856047386
1.2877298796753467,1.3150424068723006,1.807458122968956,1.2697686672785795,1.5830343502826603
1.2302551965379185,1.2558345013349919,1.7285962073749273,1.210331740221036,1.4197712007188155
1.354984572895745,1.3914311310100882,2.037383260043099,1.3331765715751467,1.2188297975164668
2.210378813757406,2.251736390952136,2.9266513413061173,2.1890150913390665,1.8187566782635918
2.5923051982921708,2.6184095556597526,3.111613934779115,2.572292772926599,2.289122669890146
1.4837548048617377,1.5164220433925482,2.1018728651811807,1.4657346511362117,1.5091177571724979
1.9701800546263337,2.0072942084479433,2.638786150557634,1.950900723076474,2.0261077612879
1.6602247040424751,1.6838875185818623,2.138734546032126,1.6400476420571986,1.5213437365786437
1.6098261882894194,1.6450792823921494,2.235477915762379,1.5925026401943707,1.59965926198207
1.4417259039054173,1.4597255953138086,1.8242614628830083,1.425127908667478,1.557546335160153
1.502317770212505,1.5278171567328396,2.011194106119897,1.4751112883086699,1.6075584157688212
1.0181298110489918,1.03624171526941,1.3919444917514097,1.0005357691889816,1.1372658970345195
1.2267958579899474,1.2530909416940719,1.7361398815341484,1.2066155172374788,1.144705285372383
2.498799914556894,2.5289026624600917,3.0585261292500263,2.48009500513962,2.849209706096067
1.9165647612278625,1.9503743742512842,2.538320584250129,1.8957303926260054,1.641502565503144
1.640613774891486,1.6657658404546645,2.1372360431701134,1.6226830761274949,1.5804224995855853
1.2769434680558802,1.3081651020615663,1.8568314394360539,1.2559994698625572,1.2881098956723556
1.3144538896556621,1.341829681255694,1.8603698722304132,1.2913374073905706,1.35016240619272
1.5212700247091728,1.5552820898001611,2.1460971628575387,1.5041642957343957,1.5422491933005897
1.3052463628137658,1.3343676410362668,1.8680109293241411,1.2856868770248502,1.27205466289667
2.25915481920632,2.2835825494754696,2.7381094509480706,2.2391116047162356,2.2800290904206997
2.1106713096383145,2.1417445534862187,2.7012875799848413,2.087765263131482,2.079464880352058
1.121957162019792,1.148115205249812,1.6196320000354758,1.1013974737808185,1.1804511453736215
1.456973087967457,1.4933739620185402,2.105793800075256,1.4398512072369183,1.5883754537788777
1.5433130507973343,1.578384419503809,2.1747392608403966,1.5213590607207206,1.5343451479964971
2.3772392018048905,2.3977586241710998,2.8167120010309667,2.3573967592134633,2.2764687725439634
1.1654707496253482,1.1881463329535913,1.6222077661918257,1.1449848122817796,1.090103167174022
1.2594570651748815,1.2906483012838301,1.8367167271047018,1.2407578204754186,1.2443457749819662
1.344494084462629,1.3666487580931452,1.8216031710643092,1.324927003145684,1.4385222268667415
2.4223809637580693,2.4530277145111556,2.9913986479707813,2.403547634225643,2.450031156500859
1.4445279029679654,1.4637025679318123,1.8457852303940554,1.4249860802835652,1.3615454571945351
1.2768010720476861,1.3117691959571007,1.9108793064527245,1.2598897101644586,1.4261901585533896
1.4539626129800587,1.4779661175774228,1.904631042635177,1.4386267876235463,1.3698907603816715
2.3253656985643865,2.3582118351161157,2.9143885313579307,2.305012330274368,2.282980147492082
1.3718365763788984,1.407756279931183,2.015420802288219,1.3495463461550607,1.3014548808438906
1.8452320345480333,1.8731293097255546,2.4007504969508884,1.821939026460376,1.845489110608729
1.3796242976884483,1.412968343185336,2.0111469610209625,1.3600600384768706,1.3563853319985766
1.3488026519124652,1.377584442917247,1.909210979096807,1.327186857259367,1.3314143716974323
1.6343151583821514,1.658459544198711,2.1083980573135794,1.6153114263923276,1.6687707942121937
1.6096042162068256,1.63218357810424,2.0785716660331817,1.589605055786893,1.46981213779239
1.303086792372917,1.3342551673319862,1.8532582762075114,1.2809674171198533,1.4287506119730153
1.8309411555855422,1.8661825581287412,2.4637102467710985,1.808525842707734,1.5806007781057716
1.3742261195079448,1.4019007781390094,1.9219636507118136,1.3527180831174301,1.2299842555077556
1.3135271113106826,1.3325442016050064,1.727748022788523,1.295387989740031,1.606539150684411
1.4796976731125357,1.515142547824415,2.08060880248204,1.4576389270407084,1.3354325053922327
1.3915770961241438,1.424776888616206,1.9672704144660473,1.3702707311813263,1.5794601026644988
1.2861070540408701,1.3209059744004286,1.9058264329922658,1.2627553517219126,1.5372671995104075
1.265337514183498,1.2932301404171482,1.8026477729864974,1.245104181601175,1.5502294102637577
1.5916373799752186,1.619925073977596,2.101360944320243,1.5708457145396097,1.6179793271427987
2.6450147741294403,2.6741680685101246,3.206985353723571,2.62587951566449,2.467165334519036
1.1657161837221133,1.1890751008948364,1.6139461553922672,1.1441661770104075,1.120853023877342
3.572625300427847,3.600371964181737,4.082354502082231,3.5502280534281203,3.6847284952894084
1.3039161949703746,1.3268034319030715,1.7394694810290243,1.2854300851383886,1.3193329671106517
1.1515746867448944,1.1701080792004417,1.5453992899539342,1.1325032827847672,1.216400924032636
1.1448895956535177,1.1632332969738928,1.5472941646593577,1.1250688071472723,1.0611771187620824
2.4869041998296813,2.5100625142453943,2.9599191444832886,2.4674992187434697,2.8685336961549526
1.4182749939560781,1.4544574948372642,2.0772483734267024,1.3961302603052603,1.4924512462619461
1.3492245365906683,1.382651226354022,1.9481871905532766,1.3305988925038852,1.2600586789773707
1.2452698750662254,1.2744336625170072,1.7898803036553317,1.22496828250436,1.3593600674533373
1.9365226987304216,1.9688241057653169,2.5080600322075224,1.916631221185254,1.9809129330569017
1.3360617899916691,1.372894285056309,1.9881477775634984,1.3201956495314409,1.457152322958912
1.3964568534537818,1.4249504460933136,1.9597608140916989,1.3782498818741764,1.3913940960400044
2.208957194524042,2.2424852839542044,2.804819812820858,2.1880685655329692,2.3930906966961514
1.239563372072321,1.257982765657987,1.6239561793823396,1.2216871037650452,1.3593226058622083
1.2297751358227336,1.2556139287189434,1.7334896201167154,1.207684869712193,1.453397204519801
1.4029430083191208,1.4248114277624049,1.8727486997140432,1.3828217417830242,1.4398476594465752
1.134199257330591,1.1624623072596854,1.6844047868659244,1.1138897965173102,1.2503529626279555
1.6142976754391571,1.6542968625464092,2.2883387936846447,1.5986210790006081,1.4800295229031182
1.4234353012527017,1.455987343880908,2.02862497670143,1.403135738050723,1.6156735730670757
1.3397927334502036,1.364903495224009,1.8241695797548378,1.3209373848717194,1.443118416447337
2.872478512597847,2.9092738603237476,3.505521531496959,2.849378693809859,2.738017424397506
1.3068131512385481,1.334282418841274,1.8112003427187489,1.283529224346382,1.6213994639957572
1.6916125946316594,1.7256764576136074,2.3043387834795563,1.672941813425381,1.8894800565762837
1.5262825695878082,1.568926092797843,2.2706785007121137,1.505756231803993,1.5185161146506503
2.252001623942452,2.2821467380143527,2.8073549483717537,2.2285986619509446,2.4101805231022726
1.4681946282315905,1.4957509584705668,2.00137364552661,1.4492876992142636,1.4011280715114636
5.911585001176072,5.953982312319907,6.63449114812655,5.889943082849814,6.258884972936938
1.2542660267673218,1.2802415387766184,1.7706991001053396,1.2332245654367808,1.1428653962591349
1.1947695548366362,1.2173020586444034,1.6475702282238909,1.1747440924812973,1.264504030723899
2.6280017951671004,2.657091102160253,3.1746089316502966,2.606133498078535,2.7523487041872987
1.2905714085185096,1.3221197093610657,1.8734784253423922,1.2677675640714356,1.3373248603608663
1.5163371011644953,1.5504575354442345,2.1330676991931323,1.4948131248746688,1.6744349877761513
2.0869957488327375,2.1139899884115865,2.6084309122160154,2.0690631057709945,2.124479089244807
1.3836646179290506,1.4183023514065407,2.0097264132868773,1.3593581206681098,1.2259655219547418
1.1059652277725878,1.1264645163178542,1.5308266168208196,1.0871539786529738,1.3528618219008257
2.494427899981588,2.514736069937094,2.911434687448577,2.4766572560366455,2.5032205900331403
1.2230227249267858,1.243980027393531,1.681945718221988,1.2030353197062764,1.30849152369247
2.369398012996575,2.4066010694042035,3.0238718085110348,2.349046170788819,2.533036702024142
1.2533009630378256,1.2811530489385885,1.8072847480725553,1.2341922208767262,1.2520886448314072
1.3568198916692824,1.394862052170071,2.008345766743666,1.3372215556619114,1.3175197416180986
1.14550651914944,1.1766840351616121,1.7212716977126379,1.1244976303151586,1.369326501843214
1.2113993558785863,1.2345318551015227,1.6943420000350908,1.1899401632015318,1.1985164469823866
2.929374896803314,2.956690832894989,3.4638469709458977,2.9077132043515697,3.4026105294497198
1.3141140056588962,1.3388028640732148,1.801702741891406,1.2939507618581358,1.3565500128789878
1.8333411194610667,1.8710083266728081,2.520473944298402,1.8070724428307667,2.0735961431469927
1.3015533397341592,1.3245609843467585,1.7807585849178011,1.2822148678989962,1.5954992050524892
3.170600894560675,3.1981759022251683,3.692384616527539,3.1496364679406117,3.206458423390092
1.1958899425273095,1.2218042832410372,1.6856202475886528,1.1746062617615616,1.0448053345037653
1.3672202102400595,1.393339778358766,1.8855227580529077,1.3447080204716768,1.423143587088643
2.670969394845296,2.703722892896409,3.3000895707973195,2.6464866694937816,2.7247255179481242
1.2911323079454298,1.3212930884986274,1.869445572254139,1.2645319366403454,1.3725950261511362
1.5061115272741297,1.5284978914498528,1.9726130919302785,1.484441073660637,1.6451719000504756
1.4283698861899135,1.4526207742782127,1.9343191501631898,1.4084703314431162,1.4106341917615652
1.4164618257270518,1.443562512275264,1.9277655374249965,1.3962735317223545,1.5573978458981454
1.7510117855802456,1.7867620000377216,2.3705560391815377,1.7321981420242036,1.6662875952078213
1.199065850191452,1.2290816394087534,1.763819674859985,1.1800671978759123,1.2216342341561715
1.488634051264094,1.5144482330938878,1.9882306223944621,1.4747418295150676,1.422306539608978
1.1329206548042037,1.1552310222941238,1.5982659989003858,1.1141854006427416,1.2277002603639968
1.4905425551957918,1.5183402224936873,2.0486328031889824,1.470745272727715,1.6041067225938566
1.6870891452057188,1.7116769240392893,2.2215966135897864,1.66583718603137,1.6731327972035674
1.282940710453965,1.3168167088365226,1.9215854888553505,1.260094183137179,1.3145052953867502
1.5366620493133492,1.5704893851523876,2.1579437665207983,1.5110893535181782,1.6742879539032132
1.3939003104218284,1.411207237643222,1.770630429924088,1.3760419477942643,1.4738465599288686
1.2980934074582402,1.3195514766897833,1.7405062546385106,1.2798660690733439,1.3173172088737726
1.44708998046661,1.4642714079988846,1.8153622959668332,1.4295824094797729,1.4580241727456074
1.4148017482731126,1.4375443011137234,1.8673197856662924,1.3979677945778513,1.5783875616344514
1.28386477560121,1.3096387145050823,1.7790662276417555,1.265575062322901,1.3759708354399478
6.480630642042675,6.51569005286691,7.110844839809081,6.458542366182826,6.746851473541762
2.475175575321325,2.501175640098793,2.9855187332100526,2.4583868637904125,2.76271171742066
1.5462087577602182,1.5713242697126302,2.0564710502798262,1.5241393204559854,1.4552781508783617
2.22268456593171,2.2487717747969405,2.732061972562242,2.203799363233995,1.9244525644812787
1.1872071029003342,1.206644690908759,1.6090188769989482,1.1662768059201116,1.1284753694610774
1.575260203912867,1.6122324529232812,2.220171979757067,1.5551378016378712,1.7876940167544049
1.3734686246320633,1.4101056549194444,2.045509763389762,1.3506114008407593,1.2920336861065547
1.6076643810353697,1.635119609381436,2.140799233571304,1.5888905679340701,1.4634894533677782
2.6676391243872297,2.7030250126710715,3.2813619199229622,2.6481293246848763,2.789181284659556
3.122747475979508,3.148885274134091,3.61936733335423,3.10443360287624,3.4680437270613402
1.1509498947170829,1.173306423518131,1.5990678405092713,1.1285727140548147,1.211777949114579
1.6620406748252308,1.7031708488328086,2.385172944998118,1.640487416127975,1.5678184111302602
1.4236806643295212,1.4461125781392759,1.8806433926094375,1.405165510647119,1.54073650184939
1.2735570045875109,1.2955063822649175,1.7207469361589252,1.2569376710919657,1.3187881305081262
1.3476145157969026,1.3785509755588974,1.930930209269225,1.3265464284701214,1.3228546403520633
1.2513714787111967,1.27587308955937,1.7106577587921707,1.2340242215739718,1.251619797948381
5.683952141823455,5.711470220279441,6.212161179466422,5.6613825776300555,6.366403062851598
1.5038518363074058,1.5389525162422266,2.1157858752216843,1.4834099788345299,1.702311977155982
1.5997262366323384,1.6269310143774602,2.1307281597023398,1.5822352864261338,1.6563527162830616
1.4019693361465022,1.4365780960564107,2.0358725600317693,1.3810418947851855,1.249325138192416
1.273051323847509,1.30809665999631,1.9005952556431445,1.2486025533678844,1.3700197220727888
2.1440027751492803,2.163807653727927,2.5481437511391816,2.1269945931743566,2.1550033304090515
1.082904762728711,1.108929682244578,1.5872464797654586,1.0620537822042992,1.2435945639636707
1.2686601024281008,1.3015543282283109,1.8692286364457007,1.2480909030750191,1.4799618470748868
1.2919829844081665,1.3313604737676903,1.9803670500592034,1.275852709990001,1.5464124465707207
1.3412655943118863,1.3652487051641904,1.8229895944638927,1.323276516907869,1.1923816685488284
1.3731888854413177,1.3961886493150926,1.8427626748872592,1.3549874972065363,1.3457391742100815
1.3780869742350865,1.405804733203059,1.9188862995862925,1.355521655260651,1.4038235341708332
1.348585174693857,1.380230925203424,1.8956214245010123,1.325959495693867,1.2110901418230309
1.243006522702366,1.2856225684312155,1.9499226964407426,1.2276848603047144,1.2836853705672258
4.309068326982955,4.342027931067259,4.913173029214455,4.29076438519575,5.037683401612283
1.67096390963412,1.7090538200280774,2.3130134056733924,1.6529049227644348,1.8492464221191258
2.0847775953570604,2.111357488589359,2.6267609872233075,2.0597025247164207,2.029354035999374
1.3591100005553003,1.3939776422279813,1.9853493858481306,1.343882265438509,1.3754237302397856
1.588662669230297,1.630578014698559,2.29153326953588,1.572184248859704,1.7151504089248835
1.9227381042807379,1.9523584771573042,2.475515088628129,1.9065374513906272,1.8945178740954594
3.4495800774874996,3.48632803312997,4.097230511995176,3.4290560542251334,3.8917800553765804
1.5885131533930066,1.6245139734877503,2.254649676342275,1.5727327372821784,1.524089341500824
2.59558493571075,2.6323489830604885,3.262033762335467,2.5747382324596764,2.357040348554109
1.2430750866003886,1.2718188930421028,1.7933417739676494,1.221331823973422,1.3975544502976038
2.802021451994412,2.8198011044640223,3.1959285151312464,2.7798021547647105,2.9989093858216767
1.446334294248375,1.4733557208249932,1.9736051577979585,1.425644781172669,1.2940049839474803
1.9983215698618761,2.0310053530955745,2.5909259414969488,1.9737255204714605,2.0295098063336234
2.060306633259531,2.087458710680712,2.5607787932179047,2.0422964532022276,2.259672757006498
1.4032109898915401,1.4362249863254541,2.0265107666406195,1.3831839682724356,1.235520511719244
4.139379522573539,4.170621985142576,4.71002058067139,4.119810874291794,4.9324368431160925
1.5373856849169516,1.5630393689679427,2.0629791382279024,1.5145279591869192,1.532166462254495
1.6724485762535068,1.711452462425768,2.359595122979546,1.6526887779548152,1.5941432113580944
3.575102274099755,3.614150286625282,4.24263781894305,3.5525936611835696,3.3607622634711842
1.5417361602583486,1.5735676336063964,2.120891765904654,1.5201551333514098,1.508582106530941
1.904081259562558,1.9239630011629743,2.3461660863574005,1.8877194555487689,1.6631392288937425
2.4226289883700414,2.4558240920752548,3.015469293069764,2.4050390639956865,2.3712493118561473
1.2997548827779597,1.331064411940854,1.9007003893696088,1.2748203392931152,1.369907925912993
1.3749994128669587,1.4099951161044506,2.0044461299396805,1.3557835992095113,1.2700514234897113
1.2912102559550083,1.3114388388369254,1.7093342939183358,1.271172166747165,1.3198566643492817
1.4547714509837417,1.4797014247760802,1.9670408664699115,1.4310066659797533,1.5761133443922073
1.3840638769440412,1.4264258897042572,2.0930206524284367,1.3630793326056092,1.2150920104449383
1.4412538024769315,1.4662761413352239,1.9500429562430694,1.4209855824388642,1.4114699441607668
2.3363237215222634,2.3656236851635684,2.897059488755038,2.315153040889939,2.1603913336138723
2.205006509885694,2.231736151140194,2.7214452887386,2.1834586820487396,2.311730908797552
1.1380951604235332,1.1536195053803429,1.4953400132037067,1.1200734596859547,1.0688115009981058
3.955305302088321,3.9830699404414824,4.499499893195187,3.9339485247525317,4.379188218919335
1.48995761290836,1.515919254971792,1.9705902794937473,1.4717940597428414,1.8196484025788207
2.091551411194504,2.1114732608864673,2.513442705485563,2.0730214177710566,2.278737513960066
3.2654935919342267,3.308002170367948,3.970848832808976,3.2492116502223887,3.02494788130679
1.3736119386926415,1.4058098548091602,1.9770683434616432,1.3492444291488659,1.3331044942599402
1.421499107996394,1.4588503666018973,2.0634011060105237,1.400686706927368,1.2084454712134416
1.5301081263144014,1.5634237518873,2.1241704534692882,1.5052805280612003,1.607663201317388
1.2258636256915059,1.260492762692271,1.83395854312688,1.2052762009300535,1.434381442656349
1.3773028472649795,1.4087228599520354,1.984638417120911,1.3554049120626352,1.1705161089311638
1.4127877653690972,1.440758470039206,1.9599257798330612,1.3886140003115184,1.4729897780911076
2.6023925047124417,2.6289757928194586,3.0929425767695853,2.57996163706739,2.9651215394866415
1.4643656295210148,1.4903092438429697,1.9835098808130704,1.4421235954854175,1.570056531893939
1.3791153569425152,1.4112133069548753,1.9464482470579423,1.3579290612204202,1.231080785648989
1.531274101136458,1.5530089029913325,1.9712297678845727,1.5129730855882326,1.8051517659062706
1.3638502378777597,1.3938566283294294,1.9025921369600285,1.3472565092649473,1.3323131030114361
1.2295809687545962,1.249462190875541,1.6527368520830867,1.2095673202639246,1.2213902191619581
1.6616522822987958,1.6980143324827055,2.289592309935573,1.6423965047761695,1.6521190246799229
1.4561409987321563,1.4783342897605358,1.907116764690773,1.4368331907749985,1.5523712091161632
1.7665753473193826,1.791669787219066,2.2734996298142707,1.7483706367704988,1.8259642801402969
1.4279423527539907,1.4571088148153546,1.9921471178676333,1.4113803206223654,1.3668321613019516
1.2228369671396422,1.2439311167831426,1.680766414198731,1.2048012813241948,1.2274885733333767
1.4141532262889172,1.4363802864083237,1.852932142965497,1.3954962057389784,1.5944589021212072
1.4278126624151606,1.457958387871021,1.9804473558606355,1.4067333316174682,1.328771246025269
1.3924346240816772,1.4219083986010281,1.9517719847908315,1.3726172713564504,1.2635114046314633
1.3054080094584182,1.3332330940223502,1.8483925535710073,1.2840792648731278,1.2790630818754554
1.7071533596702093,1.73368977064733,2.2197319340609205,1.6885478179069742,1.6395980350089039
1.3350947856034723,1.3589592655050824,1.8181978835141683,1.3171106338363527,1.2435412216021693
1.3341302564646031,1.3605219651940412,1.8701794488355976,1.311501635067206,1.110627537477433
1.3315384322257398,1.3645142215671553,1.9278685429808855,1.3092174726788697,1.2875250501063995
1.7549853333647396,1.7815894021014467,2.2677920348221754,1.7310688716471203,2.001444825645614
1.0887898764510886,1.1095325703567456,1.535273870220894,1.0701242365823291,1.1419643504311603
1.3841445523774545,1.4027420314399452,1.7598260160810903,1.3683619031170302,1.5458859360697605
3.3008021659872737,3.3267389362516875,3.796626563783902,3.2873314979574193,3.7201631744334764
1.0962639762637856,1.1138626732745895,1.4836925675568087,1.0769675268524144,1.0981178415003636
1.4734296424903743,1.5052567791279494,2.0676794272153667,1.4539040360654405,1.3880126077969157
2.335115079192114,2.372230301654744,2.9887694574812063,2.312885328609462,2.3336604427956793
1.1316240393624077,1.1638941471159816,1.7140026541070488,1.1058898298922617,1.1732203214378043
1.2824548396629614,1.2994232902925984,1.654580144302755,1.262905144196077,0.9632424478819613
1.4972704704433386,1.533814277074994,2.151339989433728,1.4780091450089627,1.5339130145961017
1.2420373309627477,1.2679112070146226,1.7676314448723525,1.2234950747114206,1.1096053622706146
1.4999095784395384,1.537303672005378,2.18090816018353,1.4737011277923013,1.277225698139812
1.9818193133915556,2.024353043092077,2.695611660455216,1.9618739354372343,2.163797607650245
2.6818457654086534,2.7176239669726767,3.2916225123441243,2.663248540246258,2.8579411701447097
1.1930180338961893,1.2234695540187297,1.767306936543878,1.168722515167385,1.2203480739533408
1.8899722180221152,1.9137631066387604,2.3818776534324444,1.8687174781537985,1.9899564569241424
1.5454879899575484,1.5781741677251095,2.11378830400383,1.5250464797991476,1.7017570164334817
1.2537517435900027,1.2676336179333068,1.5753719879856296,1.2392477270393696,1.240398484410483
1.222063203763001,1.2530815650867222,1.7892548123517755,1.1971623301231404,1.2244955442819971
1.852051271495486,1.8868086200033647,2.446455546803308,1.8303398696459168,1.7691213964513561
1.3446512897040275,1.3820742309126188,2.0271311380104065,1.323429584273184,1.2493096549851013
1.3254296246424004,1.3565422290184856,1.8840754455533213,1.3037082205828667,1.2827762400806089
1.2507773815941403,1.2868113825075238,1.8551784554650839,1.225449751410132,1.184777202534892
1.793927388247426,1.8113692060925204,2.2009278774398915,1.7751151768564184,2.111533384186727
1.3785386965865498,1.4061928460295792,1.9044812422686999,1.357091608859908,1.4453745331264527
1.6251687097855532,1.656604423968147,2.227564661230785,1.6014333363531037,1.6148605422118425
1.3833728482796999,1.4187399547508899,2.016824594006649,1.359058862678488,1.4963811669024278
1.6413013098824512,1.669226782128265,2.1940707759005935,1.622285031376439,1.67196324007717
1.0777833622307773,1.0948829482088627,1.4488177808492764,1.0574965242491907,1.0687168041227666
1.3448433541467417,1.362886866768567,1.7363190028323996,1.3266232613675446,1.3847375662462973
1.531821274228065,1.557321566478873,2.015442420115514,1.511294557853336,1.550977497545086
3.4243897444436784,3.4521144990665906,3.956533665647007,3.4067896036264784,3.4242858750958876
1.486003864488067,1.5255379996570182,2.1840275720947764,1.4700205089496183,1.5294324178845755
1.273360212563478,1.3193010306424622,2.0183769494004062,1.2585948367529518,1.0544856930773485
1.373291312363647,1.3953418329423648,1.8227950051265687,1.3536389369672632,1.6406742286302414
1.2514848901571014,1.278501883029251,1.7798827751442978,1.2285521491040905,1.340309074337522
1.3332839150052764,1.3672206540067542,1.950091166136355,1.3119129838716648,1.4174611161683033
1.2003605362676903,1.2271590879615257,1.7324560765764154,1.181265534571081,1.1489485608195291
1.1831314875435013,1.211733871000459,1.7416990461774415,1.1626173331932375,1.2965095289436999
1.4057421587957895,1.4343589652445061,1.9637178297304723,1.3833060756538087,1.4816170036022471
1.1923552052931101,1.2102131800452571,1.5723475075329763,1.1716692853268054,1.3058422732338808
1.4464622678274504,1.483247892790646,2.1048687576841103,1.4222366474675479,1.5477200340823267
1.146625517248764,1.1636143213337786,1.5256505488219831,1.1295026158796295,0.9760074228069903
1.7821111998610466,1.8191488776936227,2.4228397556154353,1.764426363228269,1.9399595459981032
1.2713461170089482,1.2985939474560606,1.8240520123748976,1.2498979425763044,1.5758454643730704
1.72072828321784,1.7350745719908527,2.036152171134135,1.7064491731382658,1.7889712796299118
1.1374306405634647,1.1632809512616453,1.6276663294189264,1.1210673610783992,1.3607017285162755
